-- phpMyAdmin SQL Dump
-- version 4.9.5deb2
-- https://www.phpmyadmin.net/
--
-- Host: localhost:3306
-- Tempo de geração: 10/08/2022 às 18:46
-- Versão do servidor: 10.3.34-MariaDB-0ubuntu0.20.04.1
-- Versão do PHP: 7.4.3

SET SQL_MODE = "NO_AUTO_VALUE_ON_ZERO";
SET AUTOCOMMIT = 0;
START TRANSACTION;
SET time_zone = "+00:00";


/*!40101 SET @OLD_CHARACTER_SET_CLIENT=@@CHARACTER_SET_CLIENT */;
/*!40101 SET @OLD_CHARACTER_SET_RESULTS=@@CHARACTER_SET_RESULTS */;
/*!40101 SET @OLD_COLLATION_CONNECTION=@@COLLATION_CONNECTION */;
/*!40101 SET NAMES utf8mb4 */;

--
-- Banco de dados: `adolival`
--

-- --------------------------------------------------------

--
-- Estrutura para tabela `tb_aluno`
--

CREATE TABLE `tb_aluno` (
  `cgm` int(10) NOT NULL,
  `ano` int(1) NOT NULL,
  `turma` varchar(1) NOT NULL,
  `nome` varchar(50) NOT NULL,
  `nascimento` date NOT NULL,
  `sexo` varchar(1) NOT NULL,
  `situacaoMatricula` varchar(1) NOT NULL,
  `dataMatricula` date NOT NULL,
  `observacao` varchar(500) DEFAULT NULL
) ENGINE=InnoDB DEFAULT CHARSET=utf8mb4;

--
-- Despejando dados para a tabela `tb_aluno`
--

INSERT INTO `tb_aluno` (`cgm`, `ano`, `turma`, `nome`, `nascimento`, `sexo`, `situacaoMatricula`, `dataMatricula`, `observacao`) VALUES
(962702147, 5, 'E', 'Rodrigo Rafael Rodrigues', '2012-05-26', 'M', 'M', '2022-05-18', ' Obteve aproveitamento regular na avaliação diagnostica.'),
(1004486605, 5, 'B', 'Sara Fernanda Zanella', '2011-07-05', 'F', 'M', '2022-01-27', ' Obteve ótimo aproveitamento na avaliação diagnostica.'),
(1005003144, 4, 'B', 'Rafaella Simoes de Souza', '2012-02-02', 'F', 'M', '2022-01-28', ''),
(1005137930, 5, 'E', 'Thaynara Mariele Costa de Lima', '2012-01-05', 'F', 'M', '2022-02-07', ' Obteve aproveitamento regular na avaliação diagnostica.'),
(1005274865, 5, 'E', 'Michel Carlos da Silva Hoffmann', '2008-12-20', 'M', 'T', '2022-06-17', ''),
(1005481291, 5, 'B', 'Leonardo Sorti Soares', '2012-02-27', 'M', 'M', '2022-01-27', ' Obteve bom aproveitamento na avaliação diagnostica.'),
(1005579232, 5, 'E', 'Benjamim Mateus Carvalho Guilherme', '2012-05-18', 'M', 'T', '2022-05-26', ''),
(1005581199, 5, 'D', 'Marcos Paulo Silva dos Santos', '2012-05-09', 'M', 'M', '2022-02-07', ' Obteve ótimo aproveitamento na avaliação diagnostica.'),
(1006429366, 5, 'F', 'Amábylee Djúlhya Schwingel', '2012-02-05', 'F', 'T', '2022-04-25', ''),
(1006429633, 5, 'B', 'Antonio Pedro Nascimento de Quadros', '2012-02-07', 'M', 'M', '2022-01-27', ' Obteve ótimo aproveitamento na avaliação diagnostica.'),
(1006430674, 5, 'C', 'Arthur Gonçalves Zarza', '2012-06-21', 'M', 'M', '2022-01-28', ' Obteve aproveitamento regular na avaliação diagnostica.'),
(1006432073, 5, 'C', 'Cleverton Ryan Cahulo', '2012-05-20', 'M', 'M', '2022-02-11', ' Obteve bom aproveitamento na avaliação diagnostica.'),
(1006433045, 5, 'C', 'Kevin do Prado', '2012-08-04', 'M', 'M', '2022-02-07', ''),
(1006435021, 5, 'F', 'Guilherme Gomes', '2012-10-22', 'M', 'M', '2022-01-28', ' Obteve ótimo aproveitamento na avaliação diagnostica.'),
(1006438764, 5, 'B', 'Hiago Pereira Biava', '2012-09-22', 'M', 'M', '2022-01-27', ' Obteve bom aproveitamento na avaliação diagnostica.'),
(1006440378, 5, 'A', 'Kamila Kersting Hermann', '2012-03-15', 'F', 'M', '2022-02-07', ' Obteve aproveitamento regular na avaliação diagnostica.'),
(1006459630, 5, 'D', 'Enzo Gabriel Ronik Bautitz', '2012-07-26', 'M', 'M', '2022-02-07', ' Obteve bom aproveitamento na avaliação diagnostica.'),
(1006460670, 5, 'D', 'Erick Alves de Almeida Paz', '2012-02-20', 'M', 'M', '2022-02-07', ' Obteve bom aproveitamento na avaliação diagnostica.'),
(1006460816, 5, 'D', 'Eduardo Cividini Kuhnen', '2012-01-26', 'M', 'M', '2022-02-07', ' Obteve bom aproveitamento na avaliação diagnostica.'),
(1006463459, 5, 'E', 'Yasmin Ferreira Verff', '2012-01-30', 'F', 'M', '2022-02-07', ' Obteve bom aproveitamento na avaliação diagnostica.'),
(1006472350, 5, 'A', 'Luiz Otávio Soares de Souza', '2012-02-02', 'M', 'M', '2022-01-27', ''),
(1006475481, 5, 'D', 'Wagner Yukio Ussami Gonçalves', '2012-08-06', 'M', 'M', '2022-01-27', ' Obteve ótimo aproveitamento na avaliação diagnostica.'),
(1006480701, 5, 'B', 'Emanuelle Lima Darme', '2012-02-10', 'F', 'M', '2022-01-27', ' Obteve ótimo aproveitamento na avaliação diagnostica.'),
(1006530881, 4, 'A', 'Pedro Yan Selias Vaz Dávalos', '2012-07-05', 'M', 'M', '2022-02-07', ''),
(1006617626, 5, 'E', 'Heloisa Escanhola Couto', '2012-01-16', 'F', 'M', '2022-02-07', ' Obteve ótimo aproveitamento na avaliação diagnostica.'),
(1006619564, 5, 'A', 'Gustavo Nicolau', '2012-03-01', 'M', 'M', '2022-01-27', ' Obteve ótimo aproveitamento na avaliação diagnostica.'),
(1007228100, 5, 'E', 'Maísa Rossi Cardoso', '2011-09-29', 'F', 'M', '2022-02-07', ''),
(1007254888, 5, 'F', 'Davy Miranda de Paula', '2011-08-29', 'M', 'M', '2022-01-28', ''),
(1007256287, 5, 'E', 'Laura Beatriz Gonçalves Alduini', '2012-03-09', 'F', 'M', '2022-02-07', ' Obteve bom aproveitamento na avaliação diagnostica.'),
(1007263798, 5, 'D', 'Wellington Aparecido de Almeida Santos', '2012-08-16', 'M', 'M', '2022-02-07', ' Obteve ótimo aproveitamento na avaliação diagnostica.'),
(1007263801, 5, 'D', 'Pedro Henrique Schmaus Bertolini', '2011-10-22', 'M', 'M', '2022-02-07', ' Obteve bom aproveitamento na avaliação diagnostica.'),
(1007471846, 5, 'D', 'Eduarda Engelmann Mucelin', '2012-03-15', 'F', 'M', '2022-02-07', ' Obteve ótimo aproveitamento na avaliação diagnostica.'),
(1007554148, 4, 'C', 'Isaac Rodrigo Leal de Camargo', '2013-01-31', 'M', 'M', '2022-02-07', ''),
(1007667090, 4, 'C', 'Sarah Laíz da Silva Salvador', '2012-05-23', 'F', 'M', '2022-02-07', ''),
(1007718892, 5, 'D', 'Maria Rosa Pereira da Cruz', '2012-12-27', 'F', 'M', '2022-02-07', ' Obteve ótimo aproveitamento na avaliação diagnostica.'),
(1007763200, 4, 'D', 'Nicholas de Sousa Antonelli', '2013-03-27', 'M', 'M', '2022-02-07', ''),
(1007892094, 5, 'E', 'Maria Fernanda dos Santos Barbosa', '2012-06-18', 'F', 'M', '2022-02-07', ' Obteve aproveitamento regular na avaliação diagnostica.'),
(1007993826, 5, 'F', 'Kauã Eduardo da Silva Machado', '2012-02-09', 'M', 'T', '2022-06-27', ''),
(1008459645, 4, 'C', 'Emanuely Vitória Anhaia Ferreira', '2013-02-26', 'F', 'M', '2022-02-07', ''),
(1008467397, 4, 'A', 'Matheus Maciel de Goes', '2013-01-11', 'M', 'M', '2022-02-07', ''),
(1008467729, 4, 'C', 'Nicolas Rogerio Serrano Costa', '2013-05-06', 'M', 'M', '2022-02-07', ''),
(1008467923, 4, 'D', 'Rafhael Fidel da Silva', '2013-08-23', 'M', 'M', '2022-02-07', ''),
(1008777825, 4, 'A', 'Gianluca de Almeida Huf', '2013-06-30', 'M', 'M', '2022-02-07', ''),
(1008807538, 5, 'A', 'Enzo Gabriel Estevão da Silva', '2012-07-13', 'M', 'M', '2022-01-28', ' Não conseguiu obter aproveitamento satisfatório na avaliação diagnostica.'),
(1008812728, 5, 'B', 'William da Cunha Penafiel', '2012-07-20', 'M', 'M', '2022-01-27', ' Obteve bom aproveitamento na avaliação diagnostica.'),
(1008821620, 4, 'D', 'Pamela Danielly Elwanger', '2013-06-09', 'F', 'M', '2022-02-07', ''),
(1008822693, 5, 'A', 'Pedro Antonio Rodrigues Portero', '2012-06-18', 'M', 'M', '2022-01-27', ' Obteve bom aproveitamento na avaliação diagnostica.'),
(1008825706, 4, 'D', 'Gabriel da Silva', '2013-04-29', 'M', 'M', '2022-02-07', ''),
(1008843569, 4, 'B', 'Gustavo de Lima Ferreira', '2013-05-22', 'M', 'M', '2022-02-07', ' Obteve bom aproveitamento nas aulas de navegação básica.'),
(1008847165, 4, 'D', 'Thomaz Stadler', '2013-03-17', 'M', 'M', '2022-06-24', ''),
(1008856393, 5, 'C', 'Ramon Rocha Vasconcelos', '2012-12-09', 'M', 'M', '2022-01-27', ' Não conseguiu obter aproveitamento satisfatório na avaliação diagnostica.'),
(1008974680, 4, 'B', 'Gabriel Bertol', '2013-08-09', 'M', 'M', '2022-02-14', ' Obteve bom aproveitamento nas aulas de navegação básica.'),
(1009010420, 5, 'D', 'Raissa Duminelli Ortega', '2012-10-16', 'F', 'M', '2022-02-07', ' Obteve ótimo aproveitamento na avaliação diagnostica.'),
(1009033943, 5, 'C', 'Amanda de Fatima Pereira', '2011-05-02', 'F', 'M', '2022-01-27', ' Obteve bom aproveitamento na avaliação diagnostica.'),
(1009295018, 5, 'B', 'Matheus dos Santos Emidio', '2011-11-21', 'M', 'M', '2022-02-07', ' Obteve bom aproveitamento na avaliação diagnostica.'),
(1009319677, 5, 'A', 'Kimberly Campos Matos', '2012-05-03', 'F', 'M', '2022-01-28', ' Obteve aproveitamento regular na avaliação diagnostica.'),
(1009362530, 4, 'D', 'Nicolas da Luz Rosa', '2013-04-27', 'M', 'M', '2022-02-07', ''),
(1009362726, 4, 'A', 'Marcelo Henrique Camargo', '2013-06-27', 'M', 'M', '2022-02-07', ''),
(1009390487, 3, 'D', 'Víctor Hugo Klee', '2013-05-19', 'M', 'M', '2022-01-27', ''),
(1009513325, 5, 'D', 'Pyetra Victoria Reis Camargo', '2012-10-19', 'F', 'M', '2022-03-15', ' Obteve bom aproveitamento na avaliação diagnostica.'),
(1009605718, 3, 'D', 'Luiz Guilherme Ferreira Cassimiro', '2013-11-20', 'M', 'M', '2022-02-07', ''),
(1009659133, 5, 'E', 'Izabeli Maria Monari de Camargo', '2012-01-18', 'F', 'M', '2022-02-07', ' Obteve ótimo aproveitamento na avaliação diagnostica.'),
(1009695180, 5, 'A', 'Luiz Francisco Mora', '2012-02-13', 'M', 'M', '2022-02-07', ' Obteve bom aproveitamento na avaliação diagnostica.'),
(1009725438, 3, 'D', 'Davi de Sousa Furlan Schultz', '2014-01-16', 'M', 'M', '2022-01-27', ''),
(1009731535, 3, 'A', 'Juan Felipe Rocha Santos', '2014-01-19', 'M', 'M', '2022-02-07', ''),
(1009787999, 3, 'D', 'Raul Vieira de Souza', '2013-12-12', 'M', 'M', '2022-01-27', ''),
(1010388119, 3, 'C', 'Laura de Souza Butke', '2013-10-30', 'F', 'M', '2022-06-24', ''),
(1010490843, 4, 'A', 'Mirella da Silva Bueno de Araujo', '2013-06-10', 'F', 'M', '2022-02-07', ''),
(1010734203, 3, 'D', 'Shara Almeida Klauss', '2014-02-12', 'F', 'M', '2022-01-27', ''),
(1010853318, 3, 'D', 'Cassio Henrique Alves de Almeida Paz', '2014-03-04', 'M', 'M', '2022-01-27', ''),
(1010855124, 3, 'D', 'Heloisa Gomes dos Santos', '2014-01-17', 'F', 'M', '2022-01-27', ''),
(1010856228, 3, 'D', 'Otávio Henrique Feliciano Santana', '2014-03-25', 'M', 'M', '2022-01-27', ''),
(1010857674, 3, 'A', 'Miguel da Silva Lorence', '2014-06-27', 'M', 'M', '2022-01-27', ''),
(1010858301, 3, 'A', 'Nicoly Vanderlinde Ojeda', '2014-02-22', 'F', 'M', '2022-01-27', ''),
(1010861892, 3, 'B', 'Valentina Vanderlinde Ojeda', '2014-02-22', 'F', 'M', '2022-01-27', ''),
(1010873688, 5, 'A', 'Ketlyn Nicolly Morais da Silva', '2012-09-06', 'F', 'M', '2022-01-27', ' Obteve bom aproveitamento na avaliação diagnostica.'),
(1010964276, 5, 'B', 'Kevyn Guilherme Lucas', '2012-10-01', 'M', 'M', '2022-02-07', ' Obteve ótimo aproveitamento na avaliação diagnostica.'),
(1011166705, 3, 'B', 'Heloisa Lopes', '2014-08-13', 'F', 'M', '2022-02-07', ''),
(1011251117, 4, 'B', 'Anna Clara Caus Lisovski', '2013-04-17', 'F', 'M', '2022-02-07', ' Obteve bom aproveitamento nas aulas de navegação básica.'),
(1011369851, 4, 'A', 'Dherik Felipe Lopes', '2012-11-29', 'M', 'M', '2022-02-07', ''),
(1011440599, 5, 'C', 'Pedro Henrique Alves da Silva', '2012-07-29', 'M', 'M', '2022-01-27', ' Obteve bom aproveitamento na avaliação diagnostica.'),
(1011444829, 5, 'B', 'Mégui Maria Pontes', '2012-05-01', 'F', 'M', '2022-01-28', ' Obteve aproveitamento regular na avaliação diagnostica.'),
(1011463181, 5, 'F', 'Eduardo Zibetti Cortes', '2012-09-14', 'M', 'M', '2022-01-28', ' Obteve bom aproveitamento na avaliação diagnostica.'),
(1011521580, 4, 'A', 'Letícia de Oliveira', '2013-11-23', 'F', 'M', '2022-02-25', ''),
(1011541158, 5, 'B', 'Julia Emanuelly Pletsch dos Santos', '2012-04-04', 'F', 'M', '2022-01-27', ' Obteve bom aproveitamento na avaliação diagnostica.'),
(1011568013, 5, 'A', 'Rafael Fernandes Pereira', '2012-01-27', 'M', 'M', '2022-02-07', ' Obteve aproveitamento regular na avaliação diagnostica.'),
(1011570824, 3, 'A', 'Pietro Matteo Sousa Mazzioni', '2014-07-18', 'M', 'M', '2022-01-27', ''),
(1011597218, 5, 'B', 'Julia Vitoria Dutra Cordeiro Dias', '2012-09-08', 'F', 'M', '2022-01-27', ' Obteve bom aproveitamento na avaliação diagnostica.'),
(1011651549, 5, 'C', 'Hellen Viana Galon', '2012-07-19', 'F', 'M', '2022-02-07', ' Obteve aproveitamento regular na avaliação diagnostica.'),
(1011728533, 4, 'A', 'Emilly Matos de Almeida', '2013-06-24', 'F', 'M', '2022-02-07', ''),
(1011734355, 4, 'C', 'Davi Kurlapski Faustino', '2013-12-27', 'M', 'M', '2022-02-07', ''),
(1011749590, 5, 'D', 'Julio Cezar Oliveira Schumann', '2012-06-30', 'M', 'M', '2022-03-10', ' Obteve bom aproveitamento na avaliação diagnostica.'),
(1011861349, 2, 'D', 'Cibelli Gonçalves Lins Rodrigues', '2015-01-01', 'F', 'M', '2022-01-27', ''),
(1011959110, 4, 'B', 'Ana Júlia Buskievicz da Cruz', '2013-11-18', 'F', 'M', '2022-02-03', ' Obteve bom aproveitamento nas aulas de navegação básica.'),
(1011964555, 3, 'B', 'Isabelly Avila Estakio', '2014-10-03', 'F', 'M', '2022-02-07', ''),
(1011971365, 5, 'D', 'Isabelly Raissa Johann', '2012-08-08', 'F', 'M', '2022-02-07', ' Obteve ótimo aproveitamento na avaliação diagnostica.'),
(1011971543, 5, 'E', 'Enzo Gabriel Baldo Kurihara Maia', '2012-05-19', 'M', 'M', '2022-02-07', ''),
(1011973279, 4, 'A', 'Lethícia Skirzinski Silva de Freitas', '2013-10-01', 'F', 'M', '2022-02-07', ''),
(1011978173, 5, 'F', 'Rafael Buchinger Moraes', '2012-11-02', 'M', 'M', '2022-01-28', ''),
(1011981719, 5, 'B', 'Kamilly Witoria Vier Foliatti de Souza', '2012-03-27', 'F', 'M', '2022-06-07', ' Obteve bom aproveitamento na avaliação diagnostica.'),
(1012073379, 2, 'C', 'Giovana Moraes Didoné', '2015-04-26', 'F', 'M', '2022-02-03', ''),
(1012080111, 2, 'B', 'Joao Miguel Marsiliano Gularte', '2015-01-21', 'M', 'M', '2022-01-27', ''),
(1012116582, 3, 'D', 'Gustavo Hendges Maibuk', '2014-03-01', 'M', 'M', '2022-01-27', ''),
(1012117570, 4, 'A', 'Ana Luiza Marcheti Camargo', '2013-09-28', 'F', 'M', '2022-02-07', ''),
(1012117716, 5, 'B', 'Davi Allan da Silva Peralta', '2012-11-23', 'M', 'M', '2022-01-27', ' Obteve bom aproveitamento na avaliação diagnostica.'),
(1012139582, 4, 'B', 'Julia da Silva Bertoncello', '2013-02-22', 'F', 'M', '2022-02-07', ''),
(1012146279, 2, 'C', 'Giovanna Albuquerque Dalchiavon', '2015-02-11', 'F', 'M', '2022-01-27', ''),
(1012149790, 5, 'F', 'Felipe Luiz Perna Dalponte', '2012-06-21', 'M', 'M', '2022-03-24', ' Obteve bom aproveitamento na avaliação diagnostica.'),
(1012157467, 5, 'A', 'Luana Seibert', '2012-04-13', 'F', 'M', '2022-01-27', ' Obteve ótimo aproveitamento na avaliação diagnostica.'),
(1012161570, 5, 'C', 'Worth Hugens Bernabe', '2012-09-13', 'M', 'M', '2022-01-27', ''),
(1012165370, 5, 'E', 'Miguel Henrique Wisentheiner de Oliveira', '2012-08-28', 'M', 'M', '2022-02-07', ' Obteve bom aproveitamento na avaliação diagnostica.'),
(1012168221, 5, 'C', 'Geovana Paes Procopio', '2012-11-19', 'F', 'M', '2022-01-28', ' Não conseguiu obter aproveitamento satisfatório na avaliação diagnostica.'),
(1012369910, 2, 'D', 'Asafe Daniel Carvalho Guilherme', '2015-07-21', 'M', 'T', '2022-05-26', ''),
(1012523803, 5, 'C', 'Julia Beatriz Schuch Bebber', '2012-02-22', 'F', 'M', '2022-01-28', ' Obteve ótimo aproveitamento na avaliação diagnostica.'),
(1012530249, 5, 'E', 'Jullya Gomes Martin', '2012-06-01', 'F', 'M', '2022-02-07', ' Obteve bom aproveitamento na avaliação diagnostica.'),
(1012596185, 5, 'D', 'Lucas Gabryel Vieira Lemansky', '2012-01-02', 'M', 'M', '2022-02-07', ' Obteve aproveitamento regular na avaliação diagnostica.'),
(1012607314, 4, 'A', 'Pedro Provin Bernardi', '2013-05-11', 'M', 'M', '2022-02-07', ''),
(1012607918, 4, 'C', 'Sophia Lorenço de Oliveira Felix', '2013-04-24', 'F', 'M', '2022-02-07', ''),
(1012621732, 2, 'A', 'Daniel Pacini de Souza', '2015-07-09', 'M', 'M', '2022-01-27', ''),
(1012626416, 2, 'E', 'MIGUEL MARIANO RONIK BAUTITZ', '2015-03-02', 'M', 'M', '2022-01-27', ''),
(1012629512, 4, 'A', 'Gabriela Ramos Rogoginski', '2013-12-05', 'F', 'M', '2022-02-07', ''),
(1012637523, 2, 'C', 'Rafael Pacini de Souza', '2015-07-09', 'M', 'M', '2022-01-27', ''),
(1012638090, 5, 'A', 'Aleson Lisboa Gonçalves', '2011-03-30', 'M', 'M', '2022-01-27', ' Obteve ótimo aproveitamento na avaliação diagnostica.'),
(1012695655, 5, 'F', 'Poliana Teresinha Duffeck', '2012-05-13', 'F', 'M', '2022-01-28', ' Obteve bom aproveitamento na avaliação diagnostica.'),
(1012703437, 4, 'A', 'Caiky Cordeiro Fuchs', '2013-03-26', 'M', 'M', '2022-02-07', ''),
(1012720749, 5, 'C', 'Michelle de Oliveira Faria', '2012-03-22', 'F', 'M', '2022-02-07', ' Obteve aproveitamento regular na avaliação diagnostica.'),
(1012739784, 4, 'B', 'Cibely Solange Vanderlinde Ojeda Cano', '2013-01-28', 'F', 'M', '2022-02-07', ' Obteve bom aproveitamento nas aulas de navegação básica.'),
(1012740987, 5, 'C', 'Rafaela Carneiro Lima', '2012-09-13', 'F', 'M', '2022-03-31', ' Obteve bom aproveitamento na avaliação diagnostica.'),
(1012741436, 5, 'C', 'Laura Schmith', '2012-11-13', 'F', 'M', '2022-01-27', ' Obteve bom aproveitamento na avaliação diagnostica.'),
(1012742009, 5, 'F', 'Débora Seminotti', '2012-10-18', 'F', 'M', '2022-01-28', ' Obteve aproveitamento regular na avaliação diagnostica.'),
(1012742297, 5, 'F', 'Maria Clara de Oliveira Santos', '2012-12-06', 'F', 'M', '2022-01-28', ' Obteve bom aproveitamento na avaliação diagnostica.'),
(1012742629, 5, 'A', 'Kauan Cordeiro Batista', '2012-12-28', 'M', 'M', '2022-02-07', ''),
(1012747930, 5, 'C', 'Isabelli Pistore', '2012-04-16', 'F', 'M', '2022-01-27', ''),
(1012791247, 2, 'B', 'Heloísa Marins Bonatto', '2015-06-20', 'F', 'M', '2022-02-07', ''),
(1012836976, 5, 'F', 'Miguel Langner Kresko', '2012-02-05', 'M', 'M', '2022-06-06', ' Obteve ótimo aproveitamento na avaliação diagnostica.'),
(1012840892, 5, 'E', 'Gustavo Henrique Barbosa Lourenço', '2011-11-01', 'M', 'M', '2022-02-07', ' Obteve bom aproveitamento na avaliação diagnostica.'),
(1012845835, 3, 'B', 'Agatha Ester de Freitas Sales', '2013-08-30', 'F', 'M', '2022-03-14', ''),
(1012875980, 5, 'E', 'Izabelly Claro de Souza', '2011-08-15', 'F', 'M', '2022-02-07', ' Obteve bom aproveitamento na avaliação diagnostica.'),
(1012907067, 4, 'C', 'Gustavo Scheiffer Munhoz', '2013-02-18', 'M', 'M', '2022-02-07', ''),
(1012917364, 5, 'A', 'Saelly Dias Bueno da Silva', '2012-01-24', 'F', 'M', '2022-01-27', ' Obteve ótimo aproveitamento na avaliação diagnostica.'),
(1012974392, 4, 'D', 'Gustavo Richard Santos Xavier', '2012-08-22', 'M', 'M', '2022-02-07', ''),
(1013040300, 5, 'F', 'Pedro Henrique Fracaro Leite dos Santos', '2012-10-10', 'M', 'M', '2022-01-28', ''),
(1013087527, 3, 'B', 'Eduarda Rama Martins', '2014-09-27', 'F', 'M', '2022-01-27', ''),
(1013122063, 5, 'D', 'Eduardo Olik Bartzik', '2012-09-27', 'M', 'M', '2022-02-07', ' Obteve bom aproveitamento na avaliação diagnostica.'),
(1013122810, 5, 'F', 'Herik Gabriel Olik', '2012-03-18', 'M', 'M', '2022-01-28', ' Não conseguiu obter aproveitamento satisfatório na avaliação diagnostica.'),
(1013124864, 5, 'F', 'Gustavo Ribas', '2012-08-14', 'M', 'M', '2022-01-28', ' Obteve bom aproveitamento na avaliação diagnostica.'),
(1013130007, 2, 'A', 'Alice Vitoria Luciano Ribeiro', '2015-04-07', 'F', 'M', '2022-02-07', ''),
(1013134533, 3, 'C', 'Carlos Eduardo Matos de Almeida', '2014-12-05', 'M', 'M', '2022-01-27', ''),
(1013163754, 2, 'C', 'Julia Emanuelly Correa dos Santos', '2015-05-27', 'F', 'M', '2022-01-27', ''),
(1013183151, 4, 'C', 'Kevelin Martins Azevedo', '2013-11-01', 'F', 'M', '2022-02-07', ''),
(1013210418, 2, 'B', 'Beatriz Moreira Corcino Perna', '2015-06-15', 'F', 'M', '2022-01-27', ''),
(1013218389, 5, 'C', 'Paola Kogikoski Franco', '2012-07-31', 'F', 'M', '2022-01-27', ' Obteve ótimo aproveitamento na avaliação diagnostica.'),
(1013221363, 5, 'B', 'Victor Gabriel das Neves Ferreira', '2012-03-18', 'M', 'M', '2022-01-27', ' Obteve bom aproveitamento na avaliação diagnostica.'),
(1013222580, 2, 'B', 'Manuella Leal Barros', '2015-07-03', 'F', 'M', '2022-01-27', ''),
(1013224621, 5, 'A', 'Arthur Schillo Cappellesso', '2012-02-09', 'M', 'M', '2022-01-27', ' Obteve bom aproveitamento na avaliação diagnostica.'),
(1013276028, 3, 'D', 'Sarah Maiberg Melo', '2014-11-12', 'F', 'M', '2022-01-27', ''),
(1013277261, 2, 'B', 'Sandro Braz Junior', '2015-03-06', 'M', 'M', '2022-01-27', ''),
(1013277962, 3, 'B', 'Antonio Bento Nicolino Dias', '2014-01-20', 'M', 'M', '2022-01-27', ''),
(1013315520, 4, 'A', 'Maria Clara Bublitz Lima', '2013-02-26', 'F', 'M', '2022-02-07', ''),
(1013316240, 3, 'C', 'Lucas Meira Valtrick', '2014-07-08', 'M', 'M', '2022-01-27', ''),
(1013317190, 4, 'B', 'Pedro Miguel Luciano Ribeiro', '2013-11-28', 'M', 'M', '2022-02-07', ' Obteve bom aproveitamento nas aulas de navegação básica.'),
(1013321732, 4, 'C', 'Rafael Cefas Ferreira Hardt', '2013-06-27', 'M', 'M', '2022-02-07', ''),
(1013354010, 5, 'A', 'Eloize Amabile Ribeiro', '2012-07-25', 'F', 'M', '2022-06-20', ' Obteve aproveitamento regular na avaliação diagnostica.'),
(1013372981, 1, 'B', 'Enzo Gabryel Monteiro Cavalheri', '2015-07-22', 'M', 'M', '2022-02-07', 'Não realizou as atividades, demonstra muita agressividade quando contrariado.'),
(1013416377, 4, 'D', 'Gustavo de Lima Silva', '2012-09-15', 'M', 'M', '2022-05-04', ''),
(1013419791, 3, 'D', 'Davi Odelli Rosseti Reis', '2013-12-19', 'M', 'M', '2022-02-07', ''),
(1013466900, 4, 'C', 'David Voichicovski', '2013-10-04', 'M', 'M', '2022-02-07', ''),
(1013512236, 4, 'B', 'Sophia Alvares de Souza', '2012-06-16', 'F', 'M', '2022-02-07', ' Obteve bom aproveitamento nas aulas de navegação básica.'),
(1013527691, 4, 'B', 'Guilherme Tadioto Oliveira', '2013-09-02', 'M', 'M', '2022-02-07', ''),
(1013579977, 3, 'B', 'Luisa Vitória de Azevedo', '2014-01-03', 'F', 'M', '2022-05-05', ''),
(1013595530, 5, 'A', 'Maria Eduarda de Azevedo', '2012-02-12', 'F', 'M', '2022-05-05', ' Obteve aproveitamento regular na avaliação diagnostica.'),
(1013627319, 4, 'C', 'João Victor Ribolis Galeano', '2012-05-29', 'M', 'M', '2022-02-14', ''),
(1013627688, 5, 'C', 'Leonardo Augusto Barbosa', '2012-10-22', 'M', 'M', '2022-01-27', ' Não conseguiu obter aproveitamento satisfatório na avaliação diagnostica.'),
(1013653522, 2, 'E', 'GIULIANE PERBONI SCARAVONATTO', '2015-10-03', 'F', 'M', '2022-01-27', ''),
(1013653590, 2, 'D', 'Aylah Gabrielly Araujo Malinoski', '2015-02-04', 'F', 'M', '2022-04-18', ''),
(1013728220, 4, 'A', 'Luiza Carolina Martins Soranso', '2012-09-03', 'F', 'M', '2022-02-07', ''),
(1013768567, 3, 'C', 'Douglas dos Santos Testa', '2014-10-18', 'M', 'M', '2022-02-17', ''),
(1013814216, 2, 'B', 'Rafael Faria da Silva', '2015-08-27', 'M', 'M', '2022-05-16', ''),
(1013817649, 4, 'C', 'Pedro Henrique Barbosa', '2013-11-29', 'M', 'M', '2022-02-07', ''),
(1013830564, 5, 'E', 'Ketlyn Sabrina Moraes', '2011-08-18', 'F', 'M', '2022-02-07', ' Obteve bom aproveitamento na avaliação diagnostica.'),
(1013849338, 2, 'B', 'Theo Henrique Thacski da Silva', '2015-09-13', 'M', 'M', '2022-01-27', ''),
(1013849826, 2, 'E', 'MANUELA DE SOUSA ANTONELLI', '2015-09-04', 'F', 'M', '2022-01-27', ''),
(1013937865, 2, 'E', 'NICOLAS MATHEUS DE CESARO CAVALER', '2015-03-12', 'M', 'M', '2022-06-20', ''),
(1014000395, 2, 'B', 'Maria Clara Correa Eduardo', '2015-11-26', 'F', 'M', '2022-01-27', ''),
(1014022348, 5, 'F', 'Antonio Miguel Sitko Pereira', '2012-05-17', 'M', 'M', '2022-01-27', ' Obteve ótimo aproveitamento na avaliação diagnostica.'),
(1014102511, 2, 'A', 'Ana Alice Mora', '2015-03-30', 'F', 'M', '2022-01-27', ''),
(1014130205, 5, 'F', 'Emily Christine Prado Dias', '2012-07-28', 'F', 'M', '2022-01-28', ' Obteve bom aproveitamento na avaliação diagnostica.'),
(1014133557, 5, 'F', 'Isabelly Pereira Munhoz', '2012-10-01', 'F', 'M', '2022-01-28', ' Obteve ótimo aproveitamento na avaliação diagnostica.'),
(1014154503, 5, 'A', 'Ritha Caitano', '2011-12-22', 'F', 'M', '2022-01-27', ''),
(1014156808, 5, 'A', 'Francesca Fiorella Gonçalves do Prado Ba', '2012-10-16', 'F', 'M', '2022-01-28', ' Obteve bom aproveitamento na avaliação diagnostica.'),
(1014185450, 2, 'B', 'Felipe Henrique Evaristo Machado', '2015-05-13', 'M', 'M', '2022-01-27', ''),
(1014190160, 2, 'B', 'Davi Pereira Checone', '2015-09-11', 'M', 'M', '2022-01-27', ''),
(1014190500, 2, 'E', 'MATHEUS COZZA', '2015-03-06', 'M', 'M', '2022-01-27', ''),
(1014190720, 2, 'E', 'Davi Arthur Baldo Gran', '2015-04-15', 'M', 'M', '2022-01-27', ''),
(1014190763, 1, 'A', 'Yago Felipe Valter dos Santos', '2016-02-06', 'M', 'M', '2022-02-07', ''),
(1014190828, 3, 'A', 'Alice da Rocha', '2014-12-11', 'F', 'M', '2022-01-27', ''),
(1014190909, 3, 'C', 'Alice Graciano Furtado', '2014-05-24', 'F', 'M', '2022-01-27', ''),
(1014190941, 1, 'B', 'Arthur Lorenzo Rosa Bosio', '2016-04-07', 'M', 'M', '2022-02-07', ''),
(1014191999, 5, 'F', 'Pedro Henrique Liber da Cruz', '2012-09-28', 'M', 'M', '2022-01-28', ''),
(1014207534, 5, 'D', 'Allan Gabryel Valim Marques', '2012-08-10', 'M', 'M', '2022-02-08', ' Obteve bom aproveitamento na avaliação diagnostica.'),
(1014213020, 4, 'D', 'Isabella Rigo Salvador', '2013-03-16', 'F', 'M', '2022-02-07', ''),
(1014216509, 3, 'A', 'Clara Lys da Cruz', '2014-08-18', 'F', 'M', '2022-01-27', ''),
(1014216533, 3, 'D', 'Elisa Zauza', '2014-01-24', 'F', 'M', '2022-01-27', ''),
(1014216576, 3, 'D', 'Enzo Luiz Meister', '2014-07-21', 'M', 'M', '2022-01-27', ''),
(1014217092, 3, 'A', 'Murilo Bonato Pacheco', '2014-08-15', 'M', 'M', '2022-01-27', ''),
(1014217297, 5, 'F', 'João Gabriel Colla Saquetti', '2012-06-23', 'M', 'M', '2022-01-28', ''),
(1014217874, 4, 'C', 'Davi Cichoski Silveira', '2013-08-29', 'M', 'M', '2022-02-07', ''),
(1014218129, 5, 'A', 'Flavia Beatriz de Lurde', '2012-07-07', 'F', 'M', '2022-02-04', ' Obteve bom aproveitamento na avaliação diagnostica.'),
(1014218293, 4, 'D', 'Maria Fernanda França de Oliveira', '2013-07-24', 'F', 'M', '2022-02-07', ''),
(1014218340, 5, 'C', 'Sarah Gomes Vieira', '2012-10-14', 'F', 'M', '2022-02-02', ' Obteve aproveitamento regular na avaliação diagnostica.'),
(1014218382, 4, 'A', 'Nicoly Crem Brumatti', '2013-10-30', 'F', 'M', '2022-02-07', ''),
(1014218420, 4, 'A', 'Scarlett Ribeiro Carlos', '2013-10-14', 'F', 'M', '2022-02-07', ''),
(1014218560, 4, 'B', 'Pedro Vinícius Pompermayer', '2013-09-02', 'M', 'M', '2022-02-07', ''),
(1014223688, 2, 'D', 'Maria Clara Fernandes dos Santos', '2015-09-13', 'F', 'M', '2022-01-27', ''),
(1014223777, 5, 'D', 'João Gabriel Ribeiro dos Santos', '2012-05-25', 'M', 'M', '2022-02-07', ' Obteve bom aproveitamento na avaliação diagnostica.'),
(1014223920, 5, 'A', 'Jonas Lima Nascimento', '2012-04-02', 'M', 'M', '2022-01-27', ' Obteve bom aproveitamento na avaliação diagnostica.'),
(1014224404, 5, 'A', 'Isabelly Dias Monteiro', '2012-08-21', 'F', 'M', '2022-01-27', ' Obteve bom aproveitamento na avaliação diagnostica.'),
(1014224528, 5, 'F', 'Jhonatan Augusto Silva de Queiroz', '2012-01-01', 'M', 'M', '2022-01-27', ' Obteve aproveitamento regular na avaliação diagnostica.'),
(1014224781, 5, 'D', 'Victor Hugo Batista Magalhães', '2012-12-03', 'M', 'M', '2022-02-07', ' Obteve bom aproveitamento na avaliação diagnostica.'),
(1014224889, 5, 'C', 'Wesley Eduardo de Lima Duque', '2012-02-14', 'M', 'M', '2022-01-27', ' Obteve bom aproveitamento na avaliação diagnostica.'),
(1014225184, 4, 'A', 'Rebeca Sztolz Souza', '2013-03-11', 'F', 'M', '2022-02-07', ''),
(1014225435, 4, 'C', 'Daniel Silva Toniello', '2013-12-15', 'M', 'M', '2022-02-07', ''),
(1014225532, 4, 'B', 'Nicolly Kurssler', '2013-08-11', 'F', 'M', '2022-02-07', ' Obteve bom aproveitamento nas aulas de navegação básica.'),
(1014225699, 4, 'D', 'Maísa Emanuelly Tavares', '2013-05-23', 'F', 'M', '2022-02-07', ''),
(1014225737, 4, 'D', 'Cristopher Silva Toniello', '2013-12-15', 'M', 'M', '2022-02-07', ''),
(1014226156, 3, 'B', 'Ruan Gustavo Silveira Prado', '2014-05-05', 'M', 'M', '2022-01-27', ''),
(1014227454, 2, 'A', 'Maria Isabel Rodrigues Portero', '2015-03-23', 'F', 'M', '2022-01-27', ''),
(1014248060, 4, 'C', 'Yuri Florentino Mendo', '2013-02-11', 'M', 'M', '2022-02-07', ''),
(1014292590, 5, 'E', 'Fabricio Telega', '2012-06-01', 'M', 'M', '2022-01-28', ' Obteve bom aproveitamento na avaliação diagnostica.'),
(1014358303, 4, 'C', 'Júlia Ferreira Jagas', '2013-07-04', 'F', 'M', '2022-02-07', ''),
(1014370737, 4, 'B', 'Gustavo Henrique Lisboa Gonçalves', '2013-02-26', 'M', 'M', '2022-02-07', ' Obteve bom aproveitamento nas aulas de navegação básica.'),
(1014392854, 0, 'A', 'Maria Clara Moretto da Silva', '2016-06-05', 'F', 'M', '2022-02-07', ''),
(1014395080, 5, 'B', 'Maylon Matheus Vieira Zierhut', '2012-10-29', 'M', 'M', '2022-01-27', ''),
(1014404453, 5, 'F', 'Beatriz Miranda dos Santos', '2012-03-11', 'F', 'T', '2022-07-25', ''),
(1014501041, 5, 'F', 'Samille de Avila Pereira', '2012-12-01', 'F', 'T', '2022-03-02', ''),
(1014715033, 5, 'D', 'Gustavo Henrique Ribeiro de Moura', '2012-11-22', 'M', 'M', '2022-02-07', ' Obteve bom aproveitamento na avaliação diagnostica.'),
(1014733295, 4, 'D', 'Milena Naitzk Teodoro', '2013-09-09', 'F', 'M', '2022-02-07', ''),
(1014813400, 4, 'C', 'Julia Gabriela Vieira', '2013-02-13', 'F', 'M', '2022-02-07', ''),
(1014813558, 4, 'B', 'Miguel Oliveira de Lima', '2013-09-26', 'M', 'M', '2022-02-07', ' Obteve bom aproveitamento nas aulas de navegação básica.'),
(1014823324, 5, 'B', 'Erik Vinicius Monteiro Miranda', '2012-08-27', 'M', 'M', '2022-01-27', ''),
(1014827265, 5, 'F', 'Anabelly Correa da Silva', '2012-12-22', 'F', 'M', '2022-01-28', ' Obteve aproveitamento regular na avaliação diagnostica.'),
(1014864179, 3, 'D', 'Emanueli de Cassia Portaluppi', '2014-06-10', 'F', 'M', '2022-01-27', ''),
(1014865060, 5, 'F', 'Matheus Fernando Luft', '2012-03-16', 'M', 'M', '2022-01-28', ' Obteve ótimo aproveitamento na avaliação diagnostica.'),
(1014876789, 4, 'C', 'João Gabriel Savaris de Lima', '2013-02-05', 'M', 'M', '2022-02-07', ''),
(1014899924, 4, 'C', 'Livia Vitoria Silveira Natter de Oliveir', '2013-08-06', 'F', 'M', '2022-02-07', ''),
(1014903255, 4, 'D', 'Iurik Renan Portaluppi', '2013-03-23', 'M', 'M', '2022-02-07', ''),
(1014903689, 4, 'A', 'Igor Oliveira Rosim', '2013-10-04', 'M', 'M', '2022-02-07', ''),
(1014905444, 4, 'A', 'Gabriel Oliveira de Abreu', '2013-02-04', 'M', 'M', '2022-02-07', ''),
(1014909768, 4, 'D', 'Laura Matos Padilha', '2013-04-13', 'F', 'M', '2022-02-07', ''),
(1014938253, 5, 'E', 'Evelyn Vitória de Oliveira Cunha', '2012-01-27', 'F', 'M', '2022-02-07', ' Obteve bom aproveitamento na avaliação diagnostica.'),
(1014946329, 5, 'B', 'Larissa Grein Kovalski', '2012-08-03', 'F', 'M', '2022-01-28', ''),
(1014951772, 1, 'A', 'Henzo Davi Cecato de Souza', '2016-03-31', 'M', 'M', '2022-02-07', ''),
(1014955158, 5, 'C', 'Isaac de Oliveira', '2012-02-06', 'M', 'M', '2022-01-27', ''),
(1014966664, 5, 'F', 'João Pedro Lima Santos', '2012-05-05', 'M', 'T', '2022-07-08', ''),
(1014979170, 4, 'B', 'Arthur Rodrigues Brandao', '2013-08-30', 'M', 'M', '2022-02-07', ''),
(1015011200, 5, 'E', 'Eduardo Silva Ribas', '2012-09-06', 'M', 'M', '2022-02-07', ''),
(1015025626, 4, 'A', 'Nicolly Heloize Ostroski', '2013-07-12', 'F', 'M', '2022-06-24', ''),
(1015030794, 5, 'D', 'Renan Filipe da Silva', '2012-03-22', 'M', 'M', '2022-02-07', ' Obteve bom aproveitamento na avaliação diagnostica.'),
(1015040897, 4, 'D', 'Blenda Santana da Silva', '2013-09-13', 'F', 'M', '2022-02-07', ''),
(1015043667, 2, 'D', 'Nathana Emanuelly Bueno de Souza', '2015-10-11', 'F', 'M', '2022-01-27', ''),
(1015044329, 4, 'B', 'Izabelly Aparecida Valter dos Santos', '2013-03-10', 'F', 'M', '2022-02-07', ''),
(1015048731, 1, 'B', 'Davi Miguel Silva dos Santos', '2016-01-14', 'M', 'M', '2022-02-07', 'Aluno apresentou dificuldade ao realizar as atividades, demonstra agressividade com os colegas durante a aula, quando não fazem o que ele pede.'),
(1015062114, 4, 'B', 'Matheus Ferreira da Costa', '2013-12-22', 'M', 'M', '2022-02-07', ' Obteve bom aproveitamento nas aulas de navegação básica.'),
(1015064257, 3, 'B', 'Kauan Victor Pereira', '2014-05-22', 'M', 'M', '2022-01-27', ''),
(1015078762, 1, 'D', 'Rafaella Teixeira de Almeida', '2016-01-18', 'F', 'M', '2022-02-07', ''),
(1015080848, 1, 'E', 'JOÃO YURI RICARDO DA SILVA', '2016-01-30', 'M', 'M', '2022-02-07', ''),
(1015083553, 2, 'D', 'Arthur Silveira dos Reis', '2015-10-23', 'M', 'M', '2022-01-27', ''),
(1015084258, 2, 'E', 'Benjamin Faria de Andrade', '2015-10-02', 'M', 'M', '2022-01-27', ''),
(1015087044, 1, 'B', 'Isaac Siqueira Machado', '2016-03-14', 'M', 'M', '2022-02-07', ''),
(1015093516, 4, 'B', 'Lucas Visentin de Freitas', '2013-11-16', 'M', 'M', '2022-02-07', ''),
(1015099735, 1, 'A', 'Laura Soares Pedro', '2016-07-19', 'F', 'M', '2022-02-07', ''),
(1015107576, 1, 'A', 'Maria Eduarda Schraeber Barbosa', '2016-05-13', 'F', 'M', '2022-02-07', ''),
(1015111875, 5, 'C', 'Maria Vitoria Vidal Guth', '2012-08-22', 'F', 'M', '2022-01-27', ' Obteve bom aproveitamento na avaliação diagnostica.'),
(1015123172, 4, 'C', 'Gabrielly Ferreira da Silva', '2013-01-20', 'F', 'M', '2022-02-07', ''),
(1015129030, 2, 'E', 'Amanda de Oliveira Duarte', '2015-01-13', 'F', 'M', '2022-01-27', ''),
(1015156496, 1, 'E', 'Kethllyn Larissa Saturno', '2016-01-17', 'F', 'M', '2022-01-31', ''),
(1015182322, 5, 'D', 'Adriele Maria Magnaguagno', '2012-02-07', 'F', 'M', '2022-02-07', ''),
(1015183817, 5, 'A', 'Henry Emannoel de Sousa Mazzioni', '2012-03-24', 'M', 'M', '2022-01-28', ' Obteve ótimo aproveitamento na avaliação diagnostica.'),
(1015186344, 5, 'B', 'Luiza Machajewski Albertassi', '2012-11-18', 'F', 'M', '2022-01-27', ' Obteve bom aproveitamento na avaliação diagnostica.'),
(1015191119, 4, 'D', 'Carlos Eduardo Silva', '2013-06-16', 'M', 'M', '2022-02-11', ''),
(1015194010, 5, 'F', 'Miguel Rodrigues Oliveira', '2012-02-14', 'M', 'M', '2022-01-28', ' Obteve bom aproveitamento na avaliação diagnostica.'),
(1015199756, 5, 'F', 'Vinicius Santana de Oliveira', '2012-08-25', 'M', 'M', '2022-01-28', ' Obteve bom aproveitamento na avaliação diagnostica.'),
(1015209301, 5, 'B', 'Guilherme Mendes de Moraes', '2012-02-23', 'M', 'M', '2022-05-12', ' Obteve bom aproveitamento na avaliação diagnostica.'),
(1015233423, 2, 'C', 'Heloisa Vitória da Silva', '2015-08-13', 'F', 'M', '2022-02-07', ''),
(1015244700, 4, 'A', 'Leticia Pinzl Brandão', '2013-04-20', 'F', 'M', '2022-02-07', ''),
(1015256016, 5, 'B', 'Jhon Ellyton Santa Rosa Pereira', '2012-12-20', 'M', 'M', '2022-01-28', ' Obteve bom aproveitamento na avaliação diagnostica.'),
(1015268081, 3, 'D', 'Maysa Ressel', '2014-06-10', 'F', 'M', '2022-01-27', ''),
(1015269398, 3, 'C', 'Amanda Amaral Zuchi', '2014-02-25', 'F', 'M', '2022-02-07', ''),
(1015281134, 4, 'B', 'Isaque de Almeida Castilhos', '2013-12-16', 'M', 'M', '2022-02-07', ' Obteve bom aproveitamento nas aulas de navegação básica.'),
(1015284621, 4, 'D', 'Davi Macharete da Silva', '2013-03-11', 'M', 'M', '2022-02-07', ''),
(1015295020, 5, 'B', 'Thalia dos Santos Lima', '2012-09-07', 'F', 'M', '2022-01-27', ' Obteve bom aproveitamento na avaliação diagnostica.'),
(1015295704, 5, 'C', 'Matheus Henrique da Silva Zaparolli', '2012-04-23', 'M', 'M', '2022-06-13', ' Obteve ótimo aproveitamento na avaliação diagnostica.'),
(1015296123, 5, 'A', 'Manuella Mendes Uccelli', '2012-06-07', 'F', 'M', '2022-02-03', ''),
(1015296476, 5, 'F', 'Emanuel Delazeri Michelli', '2012-01-27', 'M', 'M', '2022-01-28', ' Obteve bom aproveitamento na avaliação diagnostica.'),
(1015297383, 5, 'B', 'Artur Henrik Zientara', '2012-09-10', 'M', 'M', '2022-02-04', ' Obteve bom aproveitamento na avaliação diagnostica.'),
(1015298029, 4, 'A', 'Carlos Eduardo Iatzaki Figueiredo', '2013-10-20', 'M', 'M', '2022-02-07', ''),
(1015306439, 5, 'C', 'Davi Augusto Port Ferruci', '2011-12-10', 'M', 'M', '2022-02-04', ' Obteve aproveitamento regular na avaliação diagnostica.'),
(1015309110, 5, 'D', 'Gabriel Simões Donato', '2012-04-23', 'M', 'M', '2022-02-07', ' Obteve ótimo aproveitamento na avaliação diagnostica.'),
(1015312846, 5, 'E', 'Guilherme Manenti Kunz', '2012-04-20', 'M', 'M', '2022-02-07', ''),
(1015313060, 5, 'C', 'Isaac Schmitz do Nascimento', '2012-01-02', 'M', 'M', '2022-01-28', ' Obteve bom aproveitamento na avaliação diagnostica.'),
(1015313435, 5, 'B', 'Julia Menuci Brand', '2012-11-01', 'F', 'M', '2022-02-07', ' Obteve bom aproveitamento na avaliação diagnostica.'),
(1015313745, 5, 'B', 'Mariana Santa Rosa de Almeida', '2012-11-30', 'F', 'M', '2022-01-27', ' Obteve bom aproveitamento na avaliação diagnostica.'),
(1015316019, 2, 'D', 'Vinicius Santana Miranda', '2012-11-16', 'M', 'M', '2022-01-28', ''),
(1015330780, 1, 'B', 'Davi Miguel Estevão da Silva', '2016-03-16', 'M', 'M', '2022-02-07', ''),
(1015331255, 1, 'A', 'Nicolas Daniel Paris', '2016-01-21', 'M', 'M', '2022-02-07', ''),
(1015335404, 0, 'D', 'Heloisa da Silva Santos', '2016-06-29', 'F', 'M', '2022-02-07', ''),
(1015392637, 5, 'E', 'Luara Orlandi', '2012-09-06', 'F', 'M', '2022-02-07', ' Obteve bom aproveitamento na avaliação diagnostica.'),
(1015418903, 2, 'E', 'Anna Laura Rossi Cardoso', '2015-07-19', 'F', 'M', '2022-01-27', ''),
(1015443770, 1, 'A', 'Isaque Rossi da Paixão', '2016-04-07', 'M', 'M', '2022-02-07', ''),
(1015466762, 4, 'B', 'Yasmin Cecilia Cecchetto', '2013-11-27', 'F', 'M', '2022-02-15', ' Obteve bom aproveitamento nas aulas de navegação básica.'),
(1015524983, 2, 'C', 'Emanuel Jerome Milord', '2015-10-04', 'M', 'M', '2022-01-27', ''),
(1015542760, 4, 'B', 'Gabrielly Colombo Grassi', '2013-07-12', 'F', 'M', '2022-02-07', ''),
(1015553088, 2, 'D', 'Arthur Lenser de Souza', '2015-03-12', 'M', 'M', '2022-01-27', ''),
(1015630961, 2, 'D', 'João Gabriel Fonseca', '2015-07-28', 'M', 'M', '2022-01-27', ''),
(1015631267, 2, 'B', 'Nathália Beatriz Souza Leontino', '2015-04-13', 'F', 'M', '2022-01-27', ''),
(1015644296, 1, 'A', 'Heloisa de Oliveira Bassaqui', '2016-06-06', 'F', 'M', '2022-02-07', ''),
(1015673270, 2, 'C', 'Laryssa Cristina Vicente', '2015-04-20', 'F', 'M', '2022-02-07', ''),
(1015693319, 0, 'A', 'Daniel Freitas Nascimento', '2016-09-23', 'M', 'M', '2022-02-07', ''),
(1015712950, 2, 'D', 'João Luccas Gonçalves da Silva Campos', '2015-01-26', 'M', 'T', '2022-05-27', ''),
(1015831681, 4, 'C', 'Luiz Otavio Ribeiro de Freitas', '2013-03-08', 'M', 'M', '2022-02-07', ''),
(1015842047, 1, 'A', 'Gabriel dos Santos Felipe', '2016-01-22', 'M', 'M', '2022-02-07', ''),
(1015844759, 1, 'E', 'ANNA JÚLIA IZE DE MORAES', '2016-08-23', 'F', 'M', '2022-04-13', ''),
(1015850660, 2, 'E', 'LAURA SCHARDOSIM CAMPOS', '2015-02-25', 'F', 'M', '2022-01-27', ''),
(1015850767, 0, 'B', 'Fernanda Freitas Santos', '2016-09-03', 'F', 'M', '2021-11-16', ''),
(1015854517, 1, 'B', 'Nicolly Lima da Silva', '2016-07-08', 'F', 'M', '2022-03-11', ''),
(1015855122, 3, 'A', 'Enzo Henrique Aparecido de Oliveira', '2014-09-19', 'M', 'M', '2022-02-07', ''),
(1015862269, 3, 'D', 'Davi Lucca Gomes', '2014-11-16', 'M', 'M', '2022-01-27', ''),
(1015864075, 4, 'C', 'Yasmim Gabriela Pfeffer', '2013-07-18', 'F', 'M', '2022-02-07', ''),
(1015916377, 3, 'D', 'Vitor Almeida da Silva', '2014-03-30', 'M', 'M', '2022-01-27', ''),
(1015932690, 5, 'E', 'Cristopher Matheus Rachid', '2010-06-21', 'M', 'M', '2022-02-07', ' Não conseguiu obter aproveitamento satisfatório na avaliação diagnostica.'),
(1015932747, 4, 'D', 'Rafaella Tamara Trindade Araujo', '2013-09-12', 'F', 'M', '2022-02-07', ''),
(1015932844, 5, 'D', 'Geovana Victoria Trindade', '2012-01-04', 'F', 'M', '2022-02-07', ' Obteve bom aproveitamento na avaliação diagnostica.'),
(1015935401, 2, 'A', 'Manuela de Oliveira', '2015-09-25', 'F', 'M', '2022-01-27', ''),
(1015953523, 4, 'D', 'Lucas Daniel Moreira Chervinski', '2013-10-21', 'M', 'M', '2022-02-07', ''),
(1015968660, 3, 'B', 'Pedro Rafael Ferreira da Silva', '2014-02-14', 'M', 'M', '2022-02-02', ''),
(1015998675, 5, 'A', 'Beatriz Bucco Pffeifer', '2012-10-08', 'F', 'M', '2022-01-27', ' Obteve bom aproveitamento na avaliação diagnostica.'),
(1016022957, 1, 'A', 'Samuel Nogueira Viudes', '2016-02-01', 'M', 'M', '2022-02-07', ''),
(1016073004, 1, 'E', 'KETLYN VITÓRIA DOS SANTOS SOARES', '2015-12-06', 'F', 'M', '2022-02-07', ''),
(1016079614, 4, 'A', 'Yasmim Duarte Kussler', '2013-02-04', 'F', 'M', '2022-02-07', ''),
(1016092610, 1, 'D', 'Lucas Geovani Ferreira Nunes', '2016-12-10', 'M', 'M', '2022-03-04', ''),
(1016126990, 1, 'E', 'FERNANDO PEREIRA AZEVEDO', '2016-08-27', 'M', 'M', '2022-02-09', ''),
(1016128950, 2, 'A', 'Heloisa Caetano de Almeida', '2015-08-12', 'F', 'M', '2022-02-07', ''),
(1016131152, 4, 'A', 'Natally Ribeiro Licheta', '2013-03-03', 'F', 'M', '2022-02-07', ''),
(1016138408, 3, 'A', 'Emanuela Vitoria Lima Pacheco', '2014-01-30', 'F', 'M', '2022-01-27', ''),
(1016139757, 1, 'B', 'Augusto Bonato Pacheco', '2016-09-21', 'M', 'M', '2022-02-07', ''),
(1016144750, 3, 'C', 'Emanuelly Camargo Reck', '2014-10-30', 'F', 'M', '2022-01-27', ''),
(1016146630, 4, 'B', 'Laura Winter dos Santos', '2013-04-09', 'F', 'M', '2022-02-07', ''),
(1016168390, 3, 'C', 'Valentina Cagnin Teider', '2014-03-14', 'F', 'M', '2022-01-27', ''),
(1016173211, 3, 'A', 'João Vitor Macedo Utzig', '2014-08-19', 'M', 'M', '2022-01-27', ''),
(1016173530, 3, 'B', 'Laura Beatriz Machado Ramos', '2014-01-23', 'F', 'M', '2022-01-27', ''),
(1016174412, 2, 'D', 'Henrique Emanuel Ferreira Nunes', '2015-09-23', 'M', 'M', '2022-03-04', ''),
(1016193468, 3, 'C', 'Nicolly Vitoria de Lima Andrade', '2014-03-10', 'F', 'M', '2022-05-23', ''),
(1016194014, 3, 'A', 'Rafael Murilo Pereira Cassoli', '2014-06-25', 'M', 'M', '2022-01-27', ''),
(1016248122, 3, 'B', 'Lucas Lima Uecker', '2014-06-20', 'M', 'M', '2022-01-27', ''),
(1016253274, 1, 'B', 'Cecília dos Santos Ferreira', '2016-08-06', 'F', 'M', '2022-02-07', ''),
(1016287624, 5, 'E', 'Henry Simões Souza', '2012-06-14', 'M', 'M', '2022-02-07', ' Obteve aproveitamento regular na avaliação diagnostica.'),
(1016289295, 3, 'C', 'Mariah Ribeiro Carvalho', '2014-08-01', 'F', 'M', '2022-01-27', ''),
(1016359200, 3, 'C', 'Alice Caroline da Silva Melo', '2014-05-28', 'F', 'M', '2022-01-27', ''),
(1016359633, 4, 'C', 'Sara Lacerda de Assunção', '2013-04-20', 'F', 'M', '2022-02-07', ''),
(1016383119, 3, 'B', 'Gustavo Felipe Bortoloto', '2014-08-30', 'M', 'M', '2022-02-07', ''),
(1016396296, 3, 'A', 'Sophia Hahn Bielak', '2014-08-11', 'F', 'M', '2022-01-27', ''),
(1016420600, 1, 'C', 'Eduardo dos Santos Chassot', '2015-08-13', 'M', 'M', '2022-02-07', ''),
(1016435046, 3, 'D', 'Luiza Perna Dalponte', '2014-12-09', 'F', 'M', '2022-03-24', ''),
(1016440830, 4, 'D', 'Gabrielli Lopes da Silva', '2013-10-06', 'F', 'M', '2022-02-07', ''),
(1016445033, 3, 'B', 'Letícia Gonçalves da Silva', '2013-08-03', 'F', 'M', '2022-02-07', ''),
(1016490306, 3, 'D', 'Benjamin Nunes de Carvalho', '2014-09-16', 'M', 'M', '2022-01-27', ''),
(1016545968, 4, 'B', 'Arthur de Lima Pereira', '2013-11-13', 'M', 'M', '2022-02-07', ''),
(1016546662, 4, 'B', 'Andre Jose Royer da Silva', '2013-01-05', 'M', 'M', '2022-02-07', ''),
(1016546999, 4, 'C', 'Bernardo Ferreira', '2013-08-23', 'M', 'M', '2022-02-07', ''),
(1016570938, 4, 'C', 'Maximus de Souza Carneiro', '2013-08-29', 'M', 'M', '2022-02-07', ''),
(1016571756, 4, 'D', 'Nicoli Ferreira', '2013-08-23', 'F', 'M', '2022-02-07', ''),
(1016576839, 5, 'E', 'Dariane Milene Pereira Gonçalves', '2012-07-03', 'F', 'M', '2022-02-07', ' Obteve aproveitamento regular na avaliação diagnostica.'),
(1016577894, 5, 'E', 'Geovana Gabriely dos Santos Kolcinski', '2012-01-28', 'F', 'M', '2022-02-07', ' Obteve aproveitamento regular na avaliação diagnostica.'),
(1016578874, 5, 'B', 'Jasminy Helena de Sena Almeida', '2012-09-17', 'F', 'M', '2022-01-27', ' Obteve ótimo aproveitamento na avaliação diagnostica.'),
(1016598875, 5, 'A', 'Vinicius Oliveira Formighieri', '2012-09-23', 'M', 'M', '2022-01-27', ' Obteve ótimo aproveitamento na avaliação diagnostica.'),
(1016599294, 5, 'E', 'Yuri Ferreira', '2012-02-24', 'M', 'M', '2022-02-07', ''),
(1016600977, 5, 'A', 'Frederico Pedrozo', '2012-05-22', 'M', 'M', '2022-01-27', ''),
(1016602694, 5, 'A', 'Isabela Fagundes Canton', '2012-05-19', 'F', 'M', '2022-01-28', ''),
(1016672803, 3, 'D', 'Daniel Fernando Pedroso Scheffer', '2014-07-29', 'M', 'M', '2022-01-27', ''),
(1016773049, 3, 'D', 'Bernardo Yuri de Almeida Rodrigues', '2014-04-27', 'M', 'M', '2022-02-21', ''),
(1016781734, 3, 'C', 'Amanda Rafaela da Silva', '2014-03-26', 'F', 'M', '2022-01-27', ''),
(1017088617, 3, 'D', 'Brunna Marcélly de Lima Ribeiro', '2014-06-11', 'F', 'M', '2022-01-27', ''),
(1017089168, 3, 'D', 'Ruan Carlos Gielow Breguedo', '2014-04-02', 'M', 'M', '2022-01-27', ''),
(1017725706, 4, 'C', 'Louise Neres de Oliveira', '2013-09-12', 'F', 'M', '2022-02-07', ''),
(1017868787, 0, 'B', 'Anaika Dumerlus', '2017-07-20', 'F', 'T', '2022-03-10', ''),
(1017885266, 0, 'A', 'Davi Gabriel Mendes Queiroz', '2017-02-19', 'M', 'M', '2022-02-07', ''),
(1017886173, 0, 'C', 'Hassan Leideana Pierre', '2017-02-12', 'F', 'M', '2021-11-18', ''),
(1017886661, 0, 'C', 'Heloisa Perdum de Paula', '2017-02-07', 'F', 'M', '2021-11-19', ''),
(1017888303, 0, 'C', 'Vitor Xavier Teixeira Gomes', '2017-04-03', 'M', 'M', '2021-11-18', ''),
(1017890529, 1, 'A', 'Otavio Augusto Rodrigues', '2016-09-03', 'M', 'M', '2022-02-07', ''),
(1017900680, 3, 'A', 'Hayane Gabrielly Taborda dos Santos', '2014-10-10', 'F', 'M', '2022-01-27', ''),
(1017906166, 4, 'A', 'Lorenzo de Assis Rossini', '2013-07-03', 'M', 'M', '2022-02-07', ''),
(1017906310, 3, 'A', 'Giovanna da Cruz Savi Mondo', '2014-11-20', 'F', 'M', '2022-01-27', ''),
(1017908118, 3, 'C', 'Lucas Gabriel Gonçalves Rocha', '2014-05-22', 'M', 'M', '2022-01-27', ''),
(1017908541, 3, 'A', 'Emanuelly Vitória Kelin', '2014-02-05', 'F', 'M', '2022-01-27', ''),
(1017909289, 1, 'A', 'Vicente Mendes dos Santos', '2016-03-28', 'M', 'M', '2022-02-07', ''),
(1017915467, 4, 'D', 'Katty Victória de Abrão Duffeck', '2013-02-20', 'F', 'M', '2022-02-07', ''),
(1017923516, 0, 'A', 'Davi Machado Schroeder', '2017-04-26', 'M', 'M', '2022-02-04', 'Não realizou as atividades, demonstra falta de controle fica andando na sala de um lado para o outro.'),
(1017927520, 0, 'C', 'Arthur Pacheco', '2017-04-17', 'M', 'M', '2022-06-10', 'O aluno fica forçando choro, para chamar atenção começa a tossir e fazer de conta que esta passando mal.'),
(1017929077, 3, 'A', 'Agatha Beatriz Nobre da Silva', '2014-06-02', 'F', 'M', '2022-01-27', ''),
(1017932426, 4, 'D', 'Daniel de Azevedo Lara', '2013-10-02', 'M', 'M', '2022-02-07', ''),
(1017932612, 4, 'C', 'Emanuely Lonheski Claro', '2013-09-27', 'F', 'M', '2022-02-07', ''),
(1017932779, 4, 'D', 'Ana Flávia de Castro Maçaneiro', '2013-08-20', 'F', 'M', '2022-02-07', ''),
(1017933600, 3, 'C', 'João Henrique Marcolino', '2014-04-23', 'M', 'M', '2022-05-02', ''),
(1017933902, 4, 'D', 'Ana Julia Zener Macedo', '2013-01-03', 'F', 'M', '2022-02-07', ''),
(1017985163, 4, 'A', 'Kemily Vitoria da Silva Brito', '2013-12-18', 'F', 'M', '2022-02-07', ''),
(1017985392, 4, 'B', 'Gabriel Henrique Kachuba', '2013-08-04', 'M', 'M', '2022-02-07', ' Obteve bom aproveitamento nas aulas de navegação básica.'),
(1017999938, 3, 'A', 'Francisco Nunes Martins', '2014-02-03', 'M', 'M', '2022-01-27', ''),
(1018002481, 3, 'A', 'Cauã Henrique Bernardi', '2014-03-22', 'M', 'M', '2022-01-27', ''),
(1018015125, 3, 'B', 'Guilherme Henrique Coito Arvelino', '2014-06-19', 'M', 'M', '2022-01-27', ''),
(1018015141, 3, 'C', 'Anna Clara da Silva Venturelli', '2014-12-25', 'F', 'M', '2022-01-27', ''),
(1018015524, 3, 'C', 'Ana Clara Rodrigues Alves', '2014-04-04', 'F', 'M', '2022-01-27', ''),
(1018017756, 3, 'C', 'Giovana Gross Taborda', '2014-10-10', 'F', 'M', '2022-01-27', ''),
(1018018329, 3, 'A', 'Gustavo Domingues Parra', '2014-02-20', 'M', 'M', '2022-01-27', ''),
(1018021761, 3, 'D', 'Alice Vitória Antonello Fernandes', '2014-08-08', 'F', 'M', '2022-01-27', ''),
(1018023292, 3, 'B', 'Gabriel Rivieri Ruginski', '2014-08-10', 'M', 'M', '2022-01-27', ''),
(1018024590, 3, 'B', 'Julia Bartko Daniel', '2014-02-04', 'F', 'M', '2022-01-27', ''),
(1018024787, 3, 'B', 'Lorenzo dos Santos Medeiros', '2014-05-26', 'M', 'M', '2022-01-27', ''),
(1018025732, 3, 'B', 'Brayan Fites Domingues', '2014-01-28', 'M', 'M', '2022-01-27', ''),
(1018043943, 1, 'C', 'Heitor Luz Rodrigues da Cunha', '2016-11-27', 'M', 'M', '2022-02-07', ''),
(1018044656, 1, 'D', 'Sofhia Alves Fonseca', '2016-03-29', 'F', 'M', '2022-02-07', ''),
(1018049429, 0, 'D', 'Nayara End Oliveira', '2017-06-19', 'F', 'T', '2022-04-25', ''),
(1018054783, 0, 'B', 'Nikolas de Lima da Cruz', '2017-02-05', 'M', 'M', '2021-11-16', ''),
(1018063111, 0, 'A', 'Sofia de Sousa Furlan Schultz', '2017-02-12', 'F', 'M', '2022-02-07', ''),
(1018067664, 3, 'C', 'Arthur Vinicios Garcia de Lima', '2014-05-03', 'M', 'M', '2022-01-27', ''),
(1018073974, 4, 'C', 'Matheus Henrique da Luz', '2013-04-16', 'M', 'M', '2022-02-07', ''),
(1018079123, 2, 'A', 'Sophia Cucchi dos Santos', '2015-11-03', 'F', 'M', '2022-01-27', ''),
(1018108174, 3, 'C', 'Rayanne Castanheiro dos Santos', '2014-12-18', 'F', 'M', '2022-01-27', ''),
(1018110500, 1, 'A', 'Alexya Lunara de Lima', '2016-01-07', 'F', 'M', '2022-02-07', ''),
(1018119303, 2, 'C', 'Carlos Henrique de Souza Possmoser', '2015-06-18', 'M', 'M', '2022-01-27', ''),
(1018127535, 3, 'C', 'Gabriel Gomes Prado Leal', '2014-02-13', 'M', 'M', '2022-06-24', ''),
(1018155865, 0, 'B', 'Miguel José Lima Darme', '2017-04-05', 'M', 'M', '2021-11-16', ''),
(1018174525, 4, 'D', 'Amanda Maria Alconchel', '2013-09-22', 'F', 'M', '2022-02-07', ''),
(1018177893, 5, 'D', 'Wilder Jacques', '2012-09-27', 'M', 'M', '2022-02-07', ''),
(1018213148, 2, 'E', 'Emanuella Ferreira Silveira', '2015-02-18', 'F', 'M', '2022-02-11', ''),
(1018213369, 5, 'E', 'Ana Karolina Silva Lopes', '2012-03-31', 'F', 'M', '2022-02-07', ' Obteve aproveitamento regular na avaliação diagnostica.'),
(1018247344, 3, 'B', 'Anthony Olegini da Silva', '2014-08-01', 'M', 'M', '2022-02-23', ''),
(1018252860, 1, 'B', 'Mike Tyson Jayson Jean Baptiste', '2016-09-08', 'M', 'M', '2022-02-07', ''),
(1018255398, 5, 'B', 'Eloá Ricardo do Carmo', '2012-07-30', 'F', 'M', '2022-01-28', ' Obteve ótimo aproveitamento na avaliação diagnostica.'),
(1018259458, 1, 'A', 'Sabrinah Eloisa Teixeira', '2016-07-19', 'F', 'M', '2022-02-07', ''),
(1018274384, 2, 'E', 'GUILHERME RIBEIRO DE FREITAS', '2015-01-26', 'M', 'M', '2022-01-27', ''),
(1018280252, 2, 'D', 'Lorenzo Rodrigues', '2015-06-17', 'M', 'M', '2022-01-27', ''),
(1018290061, 3, 'A', 'João Victor Mendes', '2013-07-21', 'M', 'M', '2022-01-27', ''),
(1018292048, 5, 'C', 'João Gabriel Padilha', '2012-06-05', 'M', 'M', '2022-01-27', ' Obteve aproveitamento regular na avaliação diagnostica.'),
(1018306855, 0, 'A', 'Anna Clara Ferreira Cabrino', '2017-04-22', 'F', 'M', '2022-02-07', ''),
(1018341979, 1, 'E', 'KAIO HENRIQUE DAMARATTI', '2016-08-28', 'M', 'M', '2022-03-25', ''),
(1018383620, 4, 'B', 'Henrique Massaneiro Morais', '2013-01-10', 'M', 'M', '2022-06-24', ''),
(1018400851, 0, 'A', 'Sophia Lara Martins Souza', '2017-05-27', 'F', 'M', '2022-02-07', ''),
(1018535595, 1, 'D', 'Apolo Miguel Rodeski', '2016-09-19', 'M', 'M', '2022-02-07', ''),
(1018540947, 1, 'A', 'Laura Beatriz Queiroz Zawoski', '2016-09-16', 'F', 'M', '2022-02-07', ''),
(1018552414, 0, 'A', 'Mariana Irys Cecato de Souza', '2017-08-11', 'F', 'M', '2021-11-05', ''),
(1018552961, 0, 'C', 'Milena da Silva Lorence', '2017-10-21', 'F', 'M', '2021-11-16', ''),
(1018578340, 1, 'C', 'Gabriel Weirich Kumakola', '2016-07-05', 'M', 'M', '2022-02-07', ''),
(1018580523, 4, 'D', 'Isabella Silveira', '2013-08-16', 'F', 'M', '2022-02-07', ''),
(1018582720, 1, 'B', 'Pedro Augusto Goeitman das Chagas', '2016-09-17', 'M', 'M', '2022-02-07', ''),
(1018599232, 1, 'A', 'Kauany Milena de Morais', '2016-11-09', 'F', 'M', '2022-02-07', ''),
(1018644017, 0, 'D', 'Miguel Vicente Machado Silveira', '2017-01-16', 'M', 'M', '2022-02-07', ''),
(1018666312, 5, 'F', 'Douglas Kauã Oliveira dos Santos', '2012-01-31', 'M', 'T', '2022-05-24', ''),
(1018671766, 2, 'E', 'ISAAC DORINI', '2015-01-07', 'M', 'M', '2022-01-27', ''),
(1018727745, 1, 'C', 'Júlia Marchiore de Souza', '2016-02-02', 'F', 'M', '2022-02-07', ''),
(1018745662, 2, 'E', 'Julia Aparecida Lemos', '2015-02-25', 'F', 'M', '2022-01-27', ''),
(1018784617, 4, 'C', 'Wallace Gabriel Berlesi', '2012-04-09', 'M', 'M', '2022-02-07', '');
INSERT INTO `tb_aluno` (`cgm`, `ano`, `turma`, `nome`, `nascimento`, `sexo`, `situacaoMatricula`, `dataMatricula`, `observacao`) VALUES
(1018802232, 2, 'B', 'Maria Clara Pachuki Amaral', '2014-09-17', 'F', 'M', '2022-01-27', ''),
(1018805061, 3, 'D', 'Yasmin Valentina de Lacerda', '2014-02-01', 'F', 'M', '2022-02-02', ''),
(1018816179, 4, 'A', 'Marcos Paulo Zachecki', '2013-02-24', 'M', 'M', '2022-02-07', ''),
(1018822381, 5, 'B', 'Enzo Kauan de Oliveira França Fernandes', '2011-01-20', 'M', 'M', '2022-01-27', ' Obteve bom aproveitamento na avaliação diagnostica.'),
(1018833863, 2, 'D', 'Igor Vergutz Ernst da Rosa', '2015-04-12', 'M', 'M', '2022-01-27', ''),
(1018838253, 1, 'C', 'Julia Rodrigues Koaski', '2015-08-31', 'F', 'M', '2022-02-07', ''),
(1018838601, 2, 'B', 'José Felipe Bertolla', '2015-06-14', 'M', 'M', '2022-01-27', ''),
(1018852507, 3, 'A', 'Fernanda Heloisa Rodrigues de Souza', '2014-10-01', 'F', 'M', '2022-06-03', ''),
(1018864157, 2, 'D', 'Viktor de Souza Carneiro', '2015-05-27', 'M', 'M', '2022-01-27', ''),
(1018940929, 3, 'C', 'Gustavo Baldin', '2014-10-29', 'M', 'M', '2022-01-27', ''),
(1018945726, 1, 'D', 'Ana Laura Anhaia Ferreira', '2016-11-17', 'F', 'M', '2022-02-07', ''),
(1018948180, 4, 'A', 'Ana Laura de Lara Rosa', '2013-08-04', 'F', 'M', '2022-02-07', ''),
(1018951157, 2, 'C', 'Ruan Brian Cihcovski Pedrozo', '2015-12-09', 'M', 'M', '2022-01-27', ''),
(1018969765, 4, 'D', 'Brenda Martinuzo Genessini', '2013-12-16', 'F', 'M', '2022-02-07', ''),
(1018984870, 2, 'B', 'Vinicius Ferreira dos Reis', '2015-02-07', 'M', 'M', '2022-01-27', ''),
(1019004003, 1, 'A', 'João Pedro Carmo Ribeiro', '2016-11-08', 'M', 'M', '2022-02-07', ''),
(1019012553, 2, 'D', 'Gustavo Henrique Coimbra Vanderlinde', '2015-12-05', 'M', 'M', '2022-01-27', ''),
(1019083396, 2, 'D', 'Giovana Jucá Pazzini', '2015-07-10', 'F', 'M', '2022-01-27', ''),
(1019088916, 2, 'E', 'Bruna Larissah Izidoro', '2015-11-24', 'F', 'M', '2022-01-27', ''),
(1019156598, 1, 'D', 'Anthony Carpes Holler', '2016-08-20', 'M', 'M', '2022-05-16', ''),
(1019158604, 1, 'D', 'Davi Nunes Malanski', '2015-09-02', 'M', 'M', '2022-02-07', ''),
(1019170094, 2, 'D', 'Mirela Simões Souza', '2015-03-09', 'F', 'M', '2022-01-27', ''),
(1019338173, 3, 'C', 'Thiago Vinicius Quadros de Souza', '2014-05-20', 'M', 'M', '2022-02-10', ''),
(1019360195, 3, 'D', 'Helena Gonçalves Silveira Lima', '2014-09-04', 'F', 'M', '2022-01-27', ''),
(1019360292, 2, 'C', 'Arthur Roberto dos Anjos Damasceno', '2015-09-17', 'M', 'M', '2022-01-27', ''),
(1019360845, 1, 'C', 'Nicole Alves Fernandes', '2016-10-07', 'F', 'M', '2022-02-07', ''),
(1019371820, 4, 'B', 'Pedro Felipe Candido Pamocene', '2013-04-21', 'M', 'M', '2022-03-24', ''),
(1019398699, 2, 'D', 'Arthur Muller Bez', '2015-01-12', 'M', 'T', '2022-07-26', ''),
(1019437759, 2, 'C', 'Enzo Ferreira Affonso', '2015-12-19', 'M', 'M', '2022-01-27', ''),
(1019616785, 4, 'D', 'Nathieli Bonamigo Machado dos Santos', '2013-11-24', 'F', 'M', '2022-02-07', ''),
(1019653834, 3, 'A', 'Késia Edite Gusmão Amancio', '2013-02-27', 'F', 'M', '2022-03-08', ''),
(1019693321, 3, 'A', 'Raphaely Vaz Ferreira', '2014-06-24', 'F', 'M', '2022-01-27', ''),
(1019718510, 4, 'C', 'Agatha Beatriz Andrade Ribeiro', '2013-03-18', 'F', 'M', '2022-02-07', ''),
(1019765713, 3, 'D', 'Anna Jhulia Silva', '2014-12-27', 'F', 'M', '2022-02-11', ''),
(1019767767, 0, 'C', 'Nicolly Beulke Tiemechi', '2017-03-29', 'F', 'M', '2022-02-07', ''),
(1019785072, 2, 'C', 'Lorenzo da Silva Castanha', '2015-05-27', 'M', 'M', '2022-01-27', ''),
(1019796449, 1, 'C', 'Giovanny Muller Vogt', '2016-03-17', 'M', 'M', '2022-02-07', ''),
(1019811677, 0, 'D', 'Sophia Cordeiro Coiavinski', '2016-07-01', 'F', 'M', '2022-03-08', ''),
(1020155546, 2, 'E', 'MIGUEL DE OLIVEIRA CORREIA', '2014-10-10', 'M', 'M', '2022-02-07', ''),
(1020216936, 2, 'D', 'Heloisa Julieta Brustolin Reis', '2015-03-06', 'F', 'T', '2022-02-16', ''),
(1020268251, 3, 'C', 'Arthur Prestes Ferreira', '2014-12-05', 'M', 'M', '2022-01-27', ''),
(1020290907, 3, 'D', 'Daniel Zavodini Zanatta', '2014-02-22', 'M', 'M', '2022-01-27', ''),
(1020291148, 3, 'B', 'Gabrielly Rodrigues Oliveira', '2014-02-28', 'F', 'M', '2022-01-27', ''),
(1020291741, 3, 'B', 'Arthur Pereira Naves', '2014-04-04', 'M', 'M', '2022-01-27', ''),
(1020324240, 3, 'B', 'Samuel Vieira Santos Gonçalves', '2014-04-24', 'M', 'M', '2022-01-27', ''),
(1020324747, 3, 'A', 'Maria Clara Pereira Naves', '2014-04-04', 'F', 'M', '2022-01-27', ''),
(1020324933, 3, 'B', 'Maria Eduarda Kodum da Silva', '2014-01-12', 'F', 'M', '2022-01-27', ''),
(1020325735, 3, 'C', 'Miguel de Oliveira Kich', '2014-02-17', 'M', 'M', '2022-01-27', ''),
(1020326570, 3, 'C', 'Helloyse Cristina Gonçalves Matias', '2014-09-20', 'F', 'M', '2022-01-27', ''),
(1020331409, 2, 'A', 'Gabrielly Vitória Lisboa Gonçalves', '2015-02-17', 'F', 'M', '2022-01-27', ''),
(1020332430, 2, 'E', 'Calvin Almeida Porto', '2015-03-06', 'M', 'M', '2022-01-27', ''),
(1020339612, 2, 'A', 'Ana Beatriz de Abreu', '2014-10-20', 'F', 'M', '2022-01-27', ''),
(1020351213, 2, 'D', 'Maria Luiza Gonçalves de Carlos', '2015-02-25', 'F', 'M', '2022-01-27', ''),
(1020377360, 2, 'A', 'Izabeli Cristiane das Neves Ferreira', '2015-04-16', 'F', 'M', '2022-01-27', ''),
(1020411771, 3, 'C', 'Isabelly Souza Martins', '2014-06-27', 'F', 'M', '2022-02-17', ''),
(1020414266, 2, 'A', 'Abner de Melo Neves', '2015-02-06', 'M', 'M', '2022-01-27', ''),
(1020415351, 2, 'D', 'Bento Querobin', '2015-03-25', 'M', 'T', '2022-02-16', ''),
(1020415696, 2, 'E', 'MARIA EDUARDA CORDEIRO DA SILVA', '2015-02-26', 'F', 'M', '2022-01-27', ''),
(1020417532, 4, 'B', 'Pedro Henrique Tauffer Machado', '2013-01-17', 'M', 'M', '2022-02-08', ' Obteve bom aproveitamento nas aulas de navegação básica.'),
(1020419896, 2, 'A', 'Enzo Felipe Gomes Lemos', '2015-02-22', 'M', 'M', '2022-01-27', ''),
(1020476539, 0, 'A', 'Helena Vagliati Rodrigues', '2016-10-24', 'F', 'T', '2022-03-31', ''),
(1020505512, 2, 'E', 'HELENA DOTTI GRZYBOWSKI', '2015-04-24', 'F', 'M', '2022-01-27', ''),
(1020506985, 3, 'A', 'Isabella Costa Cardoso Vergani', '2014-03-14', 'F', 'M', '2022-01-27', ''),
(1020516158, 4, 'A', 'Samuel Davi Voiciechovski da Silva', '2013-10-10', 'M', 'M', '2022-02-07', ''),
(1020518703, 2, 'A', 'Gustavo Felipe Oliveira Sochodolak', '2015-02-11', 'M', 'M', '2022-01-27', ''),
(1020522786, 2, 'D', 'Kassya Rafaela de Araujo da Silva', '2015-03-14', 'F', 'M', '2022-01-27', ''),
(1020536078, 2, 'D', 'Miguel Matheus Alves', '2015-11-11', 'M', 'T', '2022-07-26', ''),
(1020539255, 2, 'D', 'Arthur Golnik', '2015-03-06', 'M', 'M', '2022-01-27', ''),
(1020539840, 5, 'B', 'Gregory Rafael Helmann', '2011-09-09', 'M', 'M', '2022-01-27', ''),
(1020540059, 2, 'D', 'Helena dos Santos Grossi', '2015-04-05', 'F', 'M', '2022-01-27', ''),
(1020540709, 2, 'C', 'Adrian Daniel Fernandes', '2014-04-17', 'M', 'M', '2022-01-27', ''),
(1020541110, 2, 'C', 'Miguel Siqueira Melo', '2015-04-20', 'M', 'M', '2022-01-27', ''),
(1020543830, 3, 'A', 'Gabriel Gruski Galvão', '2014-01-23', 'M', 'M', '2022-01-27', ''),
(1020558500, 3, 'C', 'Sthefhanni Laiz da Silva Salvador', '2014-04-03', 'F', 'M', '2022-02-07', ''),
(1020567771, 3, 'A', 'Samyra Bueno', '2013-04-23', 'F', 'M', '2022-01-27', ''),
(1020590781, 1, 'C', 'Murilo Noll Fernandes', '2015-04-22', 'M', 'M', '2022-02-07', ''),
(1020591370, 2, 'E', 'MANOEL MARMENTINI SCHOLZ', '2015-02-28', 'M', 'M', '2022-04-27', ''),
(1020592237, 1, 'C', 'Fernando Meurer', '2015-08-25', 'M', 'M', '2022-02-07', ''),
(1020612874, 1, 'E', 'GABRIEL HOTZ DE MATTOS', '2016-02-12', 'M', 'M', '2022-01-31', ''),
(1020701940, 1, 'D', 'Luara Krupek Rodrigues', '2016-02-01', 'F', 'M', '2022-02-07', ''),
(1020704795, 0, 'D', 'Nicoly Helena Bueno da Silva', '2016-10-26', 'F', 'T', '2022-03-18', ''),
(1020707859, 0, 'B', 'Eduardo Ostroski', '2017-02-22', 'M', 'M', '2022-02-08', ''),
(1020715754, 3, 'B', 'David Rafael Balbino de Carvalho', '2014-02-04', 'M', 'M', '2022-01-27', ''),
(1020735208, 1, 'A', 'Valentina Monteiro Barros', '2015-07-09', 'F', 'M', '2022-02-07', ''),
(1020757317, 1, 'A', 'Caio Gabriel Gomes de Souza', '2016-01-01', 'M', 'M', '2022-04-11', ''),
(1020761802, 4, 'D', 'Gabrielly Ramos de Souza', '2013-01-26', 'F', 'M', '2022-02-07', ''),
(1020815104, 2, 'D', 'Marina Aghatta Fernandes Martins', '2015-03-10', 'F', 'M', '2022-01-27', ''),
(1020825428, 2, 'A', 'Eduardo Dias Corda', '2015-01-24', 'M', 'M', '2022-01-27', ''),
(1021010070, 1, 'C', 'Priscilla Donat Rocha', '2015-11-03', 'F', 'M', '2022-02-07', ''),
(1021084278, 0, 'B', 'Guilherme Rubino Vieira', '2016-04-05', 'M', 'M', '2021-11-16', ''),
(1021087340, 0, 'B', 'Bianca Matos da Cruz', '2016-05-02', 'F', 'M', '2021-11-16', ''),
(1021092084, 1, 'C', 'Gabrielly Camargo', '2015-10-19', 'F', 'M', '2022-02-07', ''),
(1021092327, 1, 'D', 'Hemanuelly de Souza Saraiva', '2016-03-07', 'F', 'M', '2022-02-15', ''),
(1021100850, 1, 'E', 'RYAN CARLOS DE LIMA GONÇALVES', '2015-09-14', 'M', 'M', '2022-02-18', ''),
(1021103329, 0, 'D', 'Eduarda Gabrielly Valim de Oliveira', '2016-05-17', 'F', 'M', '2021-11-18', ''),
(1021107294, 0, 'D', 'Lucy Almeida Porto', '2016-09-15', 'F', 'M', '2022-02-07', ''),
(1021118687, 1, 'B', 'Sofia Elizabeth Nascimento dos Santos', '2015-12-29', 'F', 'M', '2022-02-07', ''),
(1021137789, 1, 'C', 'Lucas Gabriel Trindade Araujo', '2015-06-06', 'M', 'M', '2022-02-07', ''),
(1021141883, 0, 'C', 'Esdras Augusto Duarte de Moura', '2017-03-22', 'M', 'M', '2022-04-05', ''),
(1021213086, 2, 'A', 'Isabelle de Freitas Camargo', '2014-09-14', 'F', 'M', '2022-04-27', ''),
(1021267895, 1, 'B', 'Laura Visentin de Freitas', '2015-04-11', 'F', 'M', '2022-02-07', ''),
(1021271248, 1, 'B', 'Evelin Kauane Porfiro de Souza', '2015-10-14', 'F', 'M', '2022-02-07', ''),
(1021297042, 1, 'D', 'Heloize Nathally de Oliveira', '2015-07-30', 'F', 'M', '2022-06-22', ''),
(1021380012, 2, 'A', 'João Ivan Bossa Pinheiro', '2014-07-17', 'M', 'M', '2022-02-07', ''),
(1021380128, 2, 'C', 'Jhonatan Lopes Apolinário', '2015-05-06', 'M', 'M', '2022-01-27', ''),
(1021380888, 1, 'D', 'Arthur Gabriel Moreira', '2016-02-07', 'M', 'M', '2022-02-07', ''),
(1021380896, 2, 'C', 'Nicolly Emanuelly Alves Pereira de Sena', '2015-05-07', 'F', 'M', '2022-01-27', ''),
(1021381000, 1, 'E', 'EDUARDO DANIEL ORLANDI FILHO', '2016-01-17', 'M', 'M', '2022-02-03', ''),
(1021385340, 2, 'D', 'Nicolas Gabriel Reis Bedolini', '2015-06-12', 'M', 'M', '2022-03-15', ''),
(1021386070, 0, 'B', 'Kauani Pereira de Sena', '2016-11-16', 'F', 'M', '2021-11-16', ''),
(1021395788, 1, 'E', 'MARIA CECILIA ALBUQUERQUE SANCHEZ', '2016-01-09', 'F', 'M', '2022-01-31', ''),
(1021397039, 1, 'E', 'LAYS VITORIA VALLER GOMES', '2015-10-22', 'F', 'M', '2022-01-31', ''),
(1021409711, 0, 'C', 'Davi Lucca Lourenço de Bispo', '2017-02-18', 'M', 'M', '2022-02-07', ''),
(1021410248, 1, 'E', 'MURYLO HENRIQUE XAVIER MACHADO', '2016-01-23', 'M', 'M', '2022-01-31', ''),
(1021410361, 0, 'B', 'Sophia Oliveira de Souza', '2017-11-27', 'F', 'M', '2021-11-18', ''),
(1021410957, 1, 'D', 'Lívia Maria do Nascimento Santos', '2015-05-27', 'F', 'M', '2022-02-07', ''),
(1021419865, 1, 'E', 'MARIA VICTÓRIA RODRIGUES PEDRO', '2016-01-21', 'F', 'M', '2022-01-31', ''),
(1021421274, 1, 'A', 'Arthur Kubiak de Carvalho', '2016-01-05', 'M', 'M', '2022-02-07', ''),
(1021422572, 1, 'B', 'Paloma Kogikoski Franco', '2016-03-07', 'F', 'M', '2022-02-07', ''),
(1021426071, 2, 'E', 'IZABELA PAZE SALVADOR', '2015-07-20', 'F', 'M', '2022-01-27', ''),
(1021426764, 2, 'B', 'Theo Araujo Facciochi', '2015-10-13', 'M', 'M', '2022-02-03', ''),
(1021427850, 2, 'E', 'JASMINE DELAY MARTINS', '2015-01-05', 'F', 'M', '2022-01-27', ''),
(1021427922, 2, 'B', 'João Guilherme Salvador', '2015-11-17', 'M', 'M', '2022-01-27', ''),
(1021430150, 2, 'E', 'MATHEUS LIMA DE FARIAS', '2015-03-12', 'M', 'M', '2022-02-14', ''),
(1021432144, 2, 'D', 'Sofhya Kultz de Oliveira', '2014-12-05', 'F', 'M', '2022-01-27', ''),
(1021465727, 0, 'B', 'Arthur Hill Reis', '2017-02-19', 'M', 'M', '2022-02-07', ''),
(1021541369, 0, 'A', 'Sophia Padilha da Silva', '2017-03-17', 'F', 'T', '2022-05-09', ''),
(1021565438, 1, 'E', 'JULIA SOPHIA DE OLIVEIRA BUENO', '2016-01-13', 'F', 'M', '2022-03-16', ''),
(1021667265, 5, 'D', 'Felipe Cintra Teles de Oliveira', '2011-08-07', 'M', 'M', '2022-02-07', ' Obteve bom aproveitamento na avaliação diagnostica.'),
(1021803460, 2, 'D', 'Emanuelli Apolinario da Silva', '2015-08-08', 'F', 'M', '2022-07-08', ''),
(1021805021, 0, 'B', 'Giovanni Samuel Quadros da Silva', '2016-09-14', 'M', 'M', '2022-03-03', ''),
(1021805340, 1, 'B', 'Luisa Winter dos Santos', '2016-10-05', 'F', 'M', '2022-02-07', ''),
(1021814071, 2, 'B', 'Bianca Almeida', '2015-05-19', 'F', 'M', '2022-01-27', ''),
(1021814560, 2, 'E', 'HELOÍSA PILLONI SILVEIRA', '2015-02-02', 'F', 'M', '2022-01-27', ''),
(1021814829, 2, 'C', 'Isabela Roecker Roman', '2015-06-19', 'F', 'M', '2022-01-27', ''),
(1021815736, 1, 'E', 'BEATRIZ FERREIRA', '2016-05-19', 'F', 'M', '2022-04-18', ''),
(1021816872, 1, 'C', 'Luara Valentina da Rosa Padilha', '2016-03-30', 'F', 'M', '2022-02-07', ''),
(1021817658, 0, 'A', 'Isabelly Grein Rodrigues', '2016-08-23', 'F', 'M', '2022-02-07', ''),
(1021821078, 2, 'D', 'Gabriel Henrique Machado dos Santos', '2015-02-16', 'M', 'M', '2022-01-27', ''),
(1021828951, 0, 'D', 'Valentina Voigt Rodrigues', '2016-04-07', 'F', 'M', '2022-02-07', ''),
(1021833106, 1, 'A', 'Alyce Vitoria Balbino Alves', '2016-01-08', 'F', 'M', '2022-02-07', ''),
(1021848529, 1, 'D', 'Alice Fernanda Alves de Faria', '2016-02-04', 'F', 'M', '2022-03-25', ''),
(1021848731, 0, 'C', 'Thiago Louis', '2017-01-04', 'M', 'M', '2021-11-16', ''),
(1021889446, 3, 'C', 'Emanuelly Beatriz Guimarães', '2013-11-21', 'F', 'M', '2022-02-07', ''),
(1021898305, 1, 'E', 'JONAS ARTHUR DOS SANTOS ANTONIO', '2016-03-09', 'M', 'M', '2022-03-25', ''),
(1022011240, 1, 'D', 'Byane Cristina Azevedo Ortiliano', '2015-11-04', 'F', 'M', '2022-05-24', ''),
(1022375284, 0, 'D', 'Sophia Maria Monari de Camargo', '2016-09-21', 'F', 'M', '2022-02-07', ''),
(1022456802, 1, 'B', 'Geovana dos Santos Cibils', '2015-06-21', 'F', 'M', '2022-02-07', ''),
(1022482811, 1, 'E', 'ARTHUR EDUARDO PAES COLDEBELA', '2015-09-01', 'M', 'M', '2022-01-31', ''),
(1022524352, 1, 'E', 'WILLIAN MARTINS DA SILVA', '2015-04-12', 'M', 'M', '2022-04-25', ''),
(1022542008, 0, 'B', 'Carlos Gabryel Alves Quadros de Souza', '2017-01-24', 'M', 'T', '2022-07-28', ''),
(1022578592, 1, 'E', 'EMANUELY PENTEADO DAVID', '2015-05-12', 'F', 'M', '2022-01-31', ''),
(1022669610, 0, 'A', 'Lorenzo Libardoni Rocha', '2017-01-11', 'M', 'T', '2022-04-14', ''),
(1022684260, 2, 'D', 'Lara Sophia da Silva', '2015-10-06', 'F', 'M', '2022-02-07', ''),
(1022750620, 0, 'A', 'Marcos Vinicius da Silva Rodrigues', '2017-03-22', 'M', 'M', '2022-02-21', ''),
(1022766143, 0, 'D', 'Yasmim Silva Gonçalves', '2016-08-29', 'F', 'M', '2022-02-07', ''),
(1022883638, 5, 'C', 'Gabriel Gonçalves da Silva', '2011-04-20', 'M', 'M', '2022-01-28', ' Não conseguiu obter aproveitamento satisfatório na avaliação diagnostica.'),
(1022887730, 1, 'B', 'Daniele Cristina Kruger', '2015-05-21', 'F', 'M', '2022-02-07', ''),
(1022902454, 1, 'E', 'DEBORA DA ROSA FANK', '2016-02-28', 'F', 'M', '2022-04-06', ''),
(1022970751, 1, 'C', 'Eloisy Lonheski Claro', '2016-01-13', 'F', 'M', '2022-02-07', ''),
(1022977187, 1, 'A', 'Eduarda da Cruz Sales', '2015-09-10', 'F', 'M', '2022-02-07', ''),
(1022978710, 1, 'C', 'Christhopher Azevedo Prestes', '2015-07-01', 'M', 'M', '2022-02-07', ''),
(1022978884, 1, 'D', 'Maria Fernanda Savaris de Lima', '2016-07-20', 'F', 'M', '2022-02-07', ''),
(1022978981, 1, 'B', 'Guilherme Lechinski Galvam', '2015-11-30', 'M', 'M', '2022-02-07', ''),
(1022980676, 1, 'B', 'Ana Heloisa Vieira Zierhut', '2015-12-16', 'F', 'M', '2022-02-07', ''),
(1022986127, 1, 'C', 'Mikael Rodrigues da Silva Moreira', '2015-04-17', 'M', 'M', '2022-02-07', ''),
(1022988804, 1, 'D', 'Giovanna Carleto Alencar Furtado', '2016-01-06', 'F', 'M', '2022-02-07', ''),
(1022990450, 1, 'D', 'Calebe Melchior da Silva', '2016-02-17', 'M', 'M', '2022-02-07', ''),
(1022995614, 1, 'C', 'Daniel Leal da Silva', '2015-06-08', 'M', 'M', '2022-02-07', ''),
(1022999539, 1, 'C', 'Rafaely dos Santos Rocha', '2015-06-25', 'F', 'M', '2022-02-07', ''),
(1022999601, 1, 'C', 'Agatha Heloa Pereira de Oliveira', '2015-07-11', 'F', 'M', '2022-02-07', ''),
(1022999636, 1, 'C', 'Fernando Miguel Pfeffer', '2016-01-16', 'M', 'M', '2022-02-07', ''),
(1022999679, 1, 'C', 'Gabrielle Borges', '2015-11-27', 'F', 'M', '2022-02-07', ''),
(1022999792, 2, 'A', 'Francisco Gonçalves Souza', '2015-06-29', 'M', 'M', '2022-01-27', ''),
(1022999814, 2, 'E', 'JONATA ANDRE BUSSLER JERKE JUNIOR', '2015-04-23', 'M', 'M', '2022-01-27', ''),
(1023017748, 1, 'D', 'João Davi Ferreira Guimarães', '2016-03-13', 'M', 'M', '2022-04-19', ''),
(1023026623, 1, 'D', 'Mikaela Delmarco Ribeiro', '2015-11-24', 'F', 'M', '2022-02-07', ''),
(1023028057, 1, 'E', 'GUILHERME DOS SANTOS DE PAULA', '2016-02-26', 'M', 'M', '2022-05-31', ''),
(1023146009, 4, 'C', 'Anna Valentina Hernandez Figuera', '2013-04-06', 'F', 'M', '2022-02-07', ''),
(1023154494, 4, 'B', 'Wedjina Previl', '2012-10-02', 'F', 'M', '2022-02-07', ' Obteve bom aproveitamento nas aulas de navegação básica.'),
(1023162454, 4, 'B', 'Dany Wodsamo Majolin', '2012-03-28', 'M', 'M', '2022-02-07', ' Obteve bom aproveitamento nas aulas de navegação básica.'),
(1023191900, 3, 'C', 'Pedro Henrique Oliveira', '2014-03-07', 'M', 'M', '2022-01-27', ''),
(1023192779, 3, 'B', 'Yasmin Sehnem', '2014-08-16', 'F', 'M', '2022-01-27', ''),
(1023196952, 3, 'A', 'Rafael Cordeiro Barbosa', '2014-12-10', 'M', 'M', '2022-01-27', ''),
(1023197878, 3, 'B', 'Victor Cordeiro Barbosa', '2014-12-10', 'M', 'M', '2022-01-27', ''),
(1023348612, 0, 'C', 'Lucas Conrado Oliveira Sloboja', '2017-02-24', 'M', 'M', '2021-11-17', ''),
(1023390830, 1, 'B', 'João Paulo da Silva', '2015-08-22', 'M', 'M', '2022-02-25', ''),
(1023409573, 1, 'B', 'Luiza dos Santos Emidio', '2015-12-07', 'F', 'M', '2022-02-07', ''),
(1023532863, 3, 'A', 'Bruno Schmidt Branchi', '2014-10-30', 'M', 'M', '2022-01-27', ''),
(1023542001, 0, 'A', 'Antony Miguel da Costa Dourado', '2016-04-22', 'M', 'T', '2022-03-16', ''),
(1023615661, 1, 'D', 'Lorenzo Suszina da Silva', '2015-10-01', 'M', 'M', '2022-02-24', ''),
(1023615874, 1, 'D', 'Eduardo do Nascimento Reis Silva', '2015-05-15', 'M', 'M', '2022-02-07', ''),
(1023631110, 0, 'D', 'Lorenzo Henrick Barbosa da Costa', '2016-06-11', 'M', 'M', '2022-02-07', ''),
(1023645030, 2, 'C', 'Kauan Felipe da Silva Pereira dos Santos', '2014-04-19', 'M', 'M', '2022-01-27', ''),
(1023683578, 3, 'D', 'Lorenzo Rodrigues Mello', '2014-05-16', 'M', 'M', '2022-01-27', ''),
(1023697056, 0, 'D', 'Vitória Grapegia Fonseca de Lima', '2016-05-21', 'F', 'M', '2022-02-07', ''),
(1023763385, 1, 'D', 'Carlos Eduardo Machado de Paula', '2015-10-15', 'M', 'M', '2022-02-07', ''),
(1023783017, 1, 'E', 'NICOLY VITORIA GUIMARÃES HALABURA', '2015-05-26', 'F', 'M', '2022-02-07', ''),
(1023795082, 1, 'C', 'Anthony Davi da Silva Queiroz', '2016-03-13', 'F', 'M', '2022-02-07', ''),
(1023847023, 0, 'B', 'Amanda Emanuelly Teles Souza', '2017-03-17', 'F', 'T', '2022-06-13', ''),
(1024376601, 0, 'C', 'Giovanna Rosa Perius', '2016-11-07', 'F', 'T', '2022-03-11', ''),
(1024501660, 0, 'D', 'Anna Clara da Rocha', '2016-08-28', 'F', 'M', '2022-02-07', ''),
(1024505290, 0, 'D', 'Bruno Emanuel Vilas Boas', '2016-08-09', 'M', 'M', '2022-02-07', ''),
(1024510553, 0, 'C', 'Daniel Ferreira Goulart', '2017-01-09', 'M', 'M', '2022-02-07', ''),
(1024512831, 0, 'D', 'Djhessica Beatriz Anselmini da Silva', '2016-10-18', 'F', 'M', '2022-02-07', ''),
(1024520036, 2, 'B', 'Valentina Alisa Schmidt Maron', '2014-12-03', 'F', 'M', '2022-02-21', ''),
(1024520613, 0, 'D', 'Emilly Vitória Pereira da Cruz', '2017-01-27', 'F', 'M', '2022-02-07', ''),
(1024543486, 1, 'E', 'LORDENSKY ADVENS CINEUS', '2015-12-07', 'M', 'M', '2022-01-31', ''),
(1024554437, 0, 'D', 'Valentina Lima de Lirio', '2016-07-25', 'F', 'M', '2022-02-07', ''),
(1024563380, 0, 'D', 'Paola Lavine Antonello Fernandes', '2017-01-20', 'F', 'M', '2022-02-07', ''),
(1024565269, 0, 'D', 'Miguel Assis Mendes Santos', '2016-09-19', 'M', 'M', '2022-02-07', ''),
(1024567580, 0, 'D', 'Lavinia Soares dos Santos', '2016-04-06', 'F', 'M', '2022-02-07', ''),
(1024569221, 0, 'D', 'Joaquim Perachi Vaz', '2017-02-26', 'M', 'M', '2022-02-07', ''),
(1024572150, 0, 'B', 'Ana Beatriz Antoniak Barbosa', '2016-11-26', 'F', 'M', '2021-11-16', ''),
(1024573806, 0, 'D', 'Yasmin Victoria Moreira dos Santos', '2017-03-21', 'F', 'M', '2022-02-07', ''),
(1024575221, 0, 'D', 'Flavia Schmitz Salapata', '2016-12-01', 'F', 'M', '2022-02-07', ''),
(1024583160, 0, 'A', 'Maria Helena da Silva Brito', '2017-01-17', 'F', 'M', '2022-02-07', ''),
(1024585880, 0, 'A', 'Ana Klara da Silva Matias', '2016-06-28', 'F', 'M', '2022-04-06', ''),
(1024587009, 0, 'A', 'Ana Clara Medeiros Sotel', '2016-07-17', 'F', 'M', '2022-02-07', ''),
(1024588897, 0, 'C', 'Emilly Sophia Cordeiro Barbosa', '2016-09-24', 'F', 'M', '2022-02-07', ''),
(1024589826, 0, 'A', 'Ester Bodaneze Vitor', '2016-05-27', 'F', 'M', '2022-02-07', ''),
(1024591286, 0, 'A', 'Guilherme Ferreira Zanata', '2017-02-11', 'M', 'M', '2022-02-07', ''),
(1024594587, 0, 'A', 'Heitor Cintra Teles de Oliveira', '2017-01-12', 'M', 'M', '2022-02-07', ''),
(1024611724, 5, 'F', 'Maria Julia Simao Teixeira Chaves', '2012-06-25', 'F', 'M', '2022-01-28', ' Obteve bom aproveitamento na avaliação diagnostica.'),
(1024614650, 1, 'B', 'Gabriel Araujo de Paula', '2016-06-01', 'M', 'M', '2022-02-07', ''),
(1024616467, 1, 'D', 'Eloa Kich Gama', '2015-07-27', 'F', 'M', '2022-02-07', ''),
(1024636387, 0, 'C', 'Bryan Gonçalves Ferreira', '2016-10-31', 'M', 'M', '2022-02-08', ''),
(1024643529, 2, 'A', 'Vinicius Versani Chiot', '2015-01-17', 'M', 'M', '2022-01-27', ''),
(1024644886, 2, 'A', 'Rafaela Ramos Carrara', '2014-09-24', 'F', 'M', '2022-01-27', ''),
(1024647095, 2, 'C', 'Julia Casagrande Aguida', '2015-01-30', 'F', 'M', '2022-01-27', ''),
(1024654768, 0, 'A', 'Valentina Mendes', '2017-03-28', 'F', 'M', '2022-02-07', ''),
(1024696967, 0, 'D', 'Monize Emanuele Alves de Lara', '2016-12-02', 'F', 'M', '2022-02-04', ''),
(1024719410, 4, 'C', 'Mateus Torrens Accacio', '2011-05-20', 'M', 'M', '2022-02-07', ''),
(1024877422, 1, 'D', 'Allany Beatriz Teixeira da Rosa', '2015-05-06', 'F', 'M', '2022-02-07', ''),
(1025120376, 2, 'B', 'Rayssa Vitória Arnuti Ribeiro de Assis', '2015-02-27', 'F', 'M', '2022-02-07', ''),
(1025148378, 0, 'B', 'Isabella Canuto Champoski Hettwer', '2016-04-29', 'F', 'M', '2022-05-23', ''),
(1025201848, 0, 'A', 'Luis Gustavo Baldin', '2016-11-04', 'M', 'M', '2022-02-07', ''),
(1025513416, 0, 'A', 'Jonathan Miguel Barbosa do Nascimento', '2016-08-27', 'M', 'M', '2022-06-06', ''),
(1025700356, 5, 'C', 'Mirella Ferreira da Luz', '2011-08-28', 'F', 'M', '2022-01-27', ' Obteve bom aproveitamento na avaliação diagnostica.'),
(1025774627, 0, 'C', 'Mateus Willian Santos Ortiz', '2016-07-17', 'M', 'M', '2022-02-07', ''),
(1025791882, 3, 'A', 'Manuella Vitoria de Oliveira', '2013-09-05', 'F', 'M', '2022-02-07', ''),
(1025851311, 1, 'E', 'ALICE DE FREITAS MONTEIRO', '2015-11-16', 'F', 'M', '2022-01-31', ''),
(1026319672, 0, 'D', 'Cristian Henrique da Silva', '2016-12-25', 'M', 'M', '2022-04-24', ''),
(1026413695, 0, 'D', 'Miguel Dalgalo Granville', '2016-07-20', 'M', 'M', '2021-11-17', ''),
(1026416481, 1, 'E', 'VICTOR VALENTIN DE OLIVEIRA PERKHUM', '2015-12-19', 'M', 'M', '2022-01-31', ''),
(1026548019, 1, 'E', 'HELOISA PADILHA', '2015-11-18', 'F', 'M', '2022-02-03', ''),
(1026638000, 0, 'C', 'Islorens Sergevens Genalien', '2017-01-25', 'M', 'M', '2022-02-07', ''),
(1026668693, 0, 'C', 'Louyse Valentina Machado dos Santos', '2017-03-03', 'F', 'M', '2022-02-08', ''),
(1026728408, 0, 'B', 'Carlos Augusto Batista Chedid', '2016-08-16', 'M', 'T', '2022-05-18', ''),
(1026747240, 1, 'B', 'João Pedro Moraes Fernandes', '2016-01-09', 'M', 'M', '2022-02-07', ''),
(1026749200, 1, 'B', 'Melissa Elien', '2016-06-12', 'F', 'M', '2022-02-07', ''),
(1026802390, 3, 'C', 'Joaquim Rafael Milanski Leite de Camargo', '2014-05-27', 'M', 'M', '2022-02-07', ''),
(1027225132, 0, 'D', 'Vallentina Schneider', '2017-01-29', 'F', 'M', '2022-05-09', ''),
(1027575788, 5, 'E', 'Yasmim Pereira de Lima', '2011-02-05', 'F', 'M', '2022-06-07', ''),
(1027628849, 3, 'B', 'Amanda Rauber de Souza', '2013-10-09', 'F', 'M', '2022-05-03', '');

-- --------------------------------------------------------

--
-- Estrutura para tabela `tb_planejamento`
--

CREATE TABLE `tb_planejamento` (
  `ID` int(11) NOT NULL,
  `turma` int(11) NOT NULL,
  `conteudo` varchar(500) NOT NULL,
  `objetivo` text DEFAULT NULL,
  `encaminhamento` text DEFAULT NULL,
  `recurso` text DEFAULT NULL
) ENGINE=InnoDB DEFAULT CHARSET=utf8mb4;

--
-- Despejando dados para a tabela `tb_planejamento`
--

INSERT INTO `tb_planejamento` (`ID`, `turma`, `conteudo`, `objetivo`, `encaminhamento`, `recurso`) VALUES
(2, 0, 'Interfaces', '1', '2', '3'),
(3, 0, 'Mundo digital e real', NULL, NULL, NULL),
(4, 0, 'Eletrônicos', NULL, NULL, NULL),
(5, 0, 'Códigos', NULL, NULL, NULL),
(6, 0, 'Computadores', NULL, NULL, NULL),
(7, 0, 'Transmissão de dados entre máquinas', NULL, NULL, NULL),
(8, 0, 'Relevância de informações', NULL, NULL, NULL),
(9, 0, 'Algoritmos', NULL, NULL, NULL),
(10, 0, 'Identificação de padrões', NULL, NULL, NULL),
(11, 1, 'Tecnologias Digitais', 'asldkas hfasflajksdghfla hslfjkasdjk fasgdfasgljfgalsjhfasghafsdgfasgasg flasgfa sja sgfjasgf jlasg fahsgdfha jgfjlashgfla sgfh gashlfhlagshgfhla sjhfasjdgf jagsgfsjldfhasglfagsljgfajlsgfjlsdgjflasgfagsdfjasgdjlgfjlasgfhajsdg fjasgdjf asjfg lajsg fasgd fjasg fa gsslf alsgf gasgf haslg fjlagslfga sdgf slgf asjldgf jlag fljasg fjasgf alsg lasdg flajsg jlashg fasg fjlasgfjl gasj gfasgjlf ajlgsdf', 'alsbf slgdfjha sggfjlashg fjalsg fjlashgfjlgsdjl gfajs gfasjlhgf asjlhgf lasgf asfjl gasdjfg asjlgfa jlgfajlsgfjlasgfjlasg falsgf jasgfjlgalsjdg flajsdgf jlag flasg fasgh fajlsf', 'aslbfa shldbfljasgfjasg fasjlg fgh flajsg fljasg fajsgl fajlsg flasg flajg slfjagjlfgajgf ajsgdfajlsdgf alsg flags fajlsg fsgjfajsgfjlagsdfasjlg dflagsdflasgf aslgf aslgf'),
(12, 1, 'Classificação indicativa', NULL, NULL, NULL),
(13, 1, 'Tecnologias no cotidiano', NULL, NULL, NULL),
(14, 1, 'Classificação e agrupamento', NULL, NULL, NULL),
(15, 1, 'Hardwares e Softwares', NULL, NULL, NULL),
(16, 1, 'Acesso à internet', NULL, NULL, NULL),
(17, 1, 'Introdução a programação', NULL, NULL, NULL),
(18, 1, 'Algoritmos', NULL, NULL, NULL),
(19, 1, 'Decomposição', NULL, NULL, NULL),
(20, 1, 'Identificação de softwares', NULL, NULL, NULL),
(21, 2, 'Mídia digitais', NULL, NULL, NULL),
(22, 2, 'Edição de textos', NULL, NULL, NULL),
(23, 2, 'Tecnologias no cotidiano', NULL, NULL, NULL),
(24, 2, 'Impactos da tecnologia no cotidiano', NULL, NULL, NULL),
(25, 2, 'Mecanismos de busca', NULL, NULL, NULL),
(26, 2, 'Representando informações', NULL, NULL, NULL),
(27, 2, 'Hardwares: Dispositivos periféricos', NULL, NULL, NULL),
(28, 2, 'Softwares: Aplicativos', NULL, NULL, NULL),
(29, 2, 'Mecanismos de busca', NULL, NULL, NULL),
(30, 2, 'Classificação de dados', NULL, NULL, NULL),
(31, 2, 'Laços de repetição', NULL, NULL, NULL),
(32, 2, 'Identificação de estruturas', NULL, NULL, NULL),
(33, 2, 'Operações relacionais', NULL, NULL, NULL),
(34, 2, 'Identificação de sensores', NULL, NULL, NULL),
(35, 2, 'Tecnologias no cotidiano', NULL, NULL, NULL),
(36, 3, 'Fluência digital', NULL, NULL, NULL),
(37, 3, 'Fluência digital', NULL, NULL, NULL),
(38, 3, 'Softwares educacionais', NULL, NULL, NULL),
(39, 3, 'Relacionar o uso da tecnologia com as questões socioeconômicas, locais e regionais', NULL, NULL, NULL),
(40, 3, 'Uso crítico da internet', NULL, NULL, NULL),
(41, 3, 'Impactos da tecnologia no cotidiano', NULL, NULL, NULL),
(42, 3, 'Tecnologia digital, economia e sociedade', NULL, NULL, NULL),
(43, 3, 'Representação de dados', NULL, NULL, NULL),
(44, 3, 'Mídias digitais', NULL, NULL, NULL),
(45, 3, 'Arquivos digitais', NULL, NULL, NULL),
(46, 3, 'Hardware: dispositivos de entrada e saída', NULL, NULL, NULL),
(47, 3, 'Dispositivos de armazenamento', NULL, NULL, NULL),
(48, 3, 'Tipos de rede', NULL, NULL, NULL),
(49, 3, 'Internet: conceitos básicos', NULL, NULL, NULL),
(50, 3, 'Dados x informação', NULL, NULL, NULL),
(51, 3, 'numeração binária', NULL, NULL, NULL),
(52, 3, 'Diagramação', NULL, NULL, NULL),
(53, 3, 'Sequência de passos computacionais', NULL, NULL, NULL),
(54, 3, 'Variáveis', NULL, NULL, NULL),
(55, 3, 'decomposição de algoritmos', NULL, NULL, NULL),
(56, 3, 'Reconhecimento de Padroes', NULL, NULL, NULL),
(57, 3, 'Algoritimo', NULL, NULL, NULL),
(58, 4, 'Autoria, Produção Colaborativa e Multiletramento.', NULL, NULL, NULL),
(59, 4, 'Autoria, Produção Colaborativa e Multiletramento.', NULL, NULL, NULL),
(60, 4, 'Curadoria e utilização de recursos digitais para a aprendizagem.', NULL, NULL, NULL),
(61, 4, 'Ética e segurança no meio digital.', NULL, NULL, NULL),
(62, 4, 'Ética e segurança no meio digital.', NULL, NULL, NULL),
(63, 4, 'Ética e segurança no meio digital.', NULL, NULL, NULL),
(64, 4, 'Autoria, Produção Colaborativa e Multiletramento.', NULL, NULL, NULL),
(65, 4, 'Ética e segurança no meio digital.', NULL, NULL, NULL),
(66, 4, 'Unidades da informação - Sistema de numeração binário.', NULL, NULL, NULL),
(67, 4, 'Unidades da informação - Bit e byte.', NULL, NULL, NULL),
(68, 4, 'Unidades da informação - Arquivos.', NULL, NULL, NULL),
(69, 4, 'Processador e Memória.', NULL, NULL, NULL),
(70, 4, 'Tipos de Memória.', NULL, NULL, NULL),
(71, 4, 'Tráfego de informações.', NULL, NULL, NULL),
(72, 4, 'Interpretação e elaboração de códigos.', NULL, NULL, NULL),
(73, 4, 'Organização de dados.', NULL, NULL, NULL),
(74, 4, 'Execução de algoritmos.', NULL, NULL, NULL),
(75, 4, 'Organização de dados.', NULL, NULL, NULL),
(76, 4, 'Decomposição e categorização.', NULL, NULL, NULL),
(77, 4, 'Iteração.', NULL, NULL, NULL),
(78, 5, 'Compactação de dados', NULL, NULL, NULL),
(79, 5, 'Arquivos digitais', NULL, NULL, NULL),
(80, 5, 'Mídias digitais', NULL, NULL, NULL),
(81, 5, 'Notícias falsas', NULL, NULL, NULL),
(82, 5, 'confiáveis', NULL, NULL, NULL),
(83, 5, 'Fontes e referências', NULL, NULL, NULL),
(84, 5, 'Uso crítico da internet', NULL, NULL, NULL),
(85, 5, 'Tecnologia e trabalho', NULL, NULL, NULL),
(86, 5, 'Tecnologia e Sociedade (Leandro)', NULL, NULL, NULL),
(87, 5, 'Cidadania Digital', NULL, NULL, NULL),
(88, 5, 'Sistemas operacionais', NULL, NULL, NULL),
(89, 5, 'Mecanismos de busca', NULL, NULL, NULL),
(90, 5, 'Métodos de pesquisa e ordenação', NULL, NULL, NULL),
(91, 5, 'Abstração', NULL, NULL, NULL),
(92, 5, 'Não Informado', NULL, NULL, NULL),
(93, 5, 'Algoritimos', NULL, NULL, NULL),
(94, 5, 'Decompsição', NULL, NULL, NULL),
(95, 5, 'Reconhecimento de Padroes', NULL, NULL, NULL);

-- --------------------------------------------------------

--
-- Estrutura para tabela `tb_turma`
--

CREATE TABLE `tb_turma` (
  `ID` int(2) NOT NULL,
  `ano` int(1) NOT NULL,
  `turma` varchar(1) NOT NULL,
  `status` varchar(1) NOT NULL,
  `obs` varchar(999) NOT NULL
) ENGINE=InnoDB DEFAULT CHARSET=utf8mb4;

--
-- Despejando dados para a tabela `tb_turma`
--

INSERT INTO `tb_turma` (`ID`, `ano`, `turma`, `status`, `obs`) VALUES
(1, 0, 'A', 'A', 'Pré Escola A - Apresentaram bom comportamento, a turma realizou todas as atividades.'),
(2, 0, 'B', 'A', 'Pré Escola B - Apresentaram bom comportamento, a turma realizou todas as atividades.'),
(3, 0, 'C', 'A', 'Pré Escola C - Os alunos ainda estão em fase de adaptação, alguns não quiseram fazer as atividades, por isso foi necessário utilizar duas atividades e deixar que cada criança escolhe-se o que queria fazer. Enquanto alguns realizaram as atividades no computador, outros assistiram a atividade na projeção.'),
(4, 0, 'D', 'A', 'Pré Escola D - Apresentaram bom comportamento, a turma realizou todas as atividades.'),
(5, 0, 'E', 'D', 'Pré Escola E - Apresentaram bom comportamento, a turma realizou todas as atividades.'),
(6, 0, 'F', 'D', 'Pré Escola F - Apresentaram bom comportamento, a turma realizou todas as atividades.'),
(7, 0, 'G', 'D', 'Pré Escola G - Apresentaram bom comportamento, a turma realizou todas as atividades.'),
(8, 1, 'A', 'A', 'Primeiro Ano A - Apresentaram bom comportamento, a turma realizou todas as atividades.'),
(9, 1, 'B', 'A', 'Primeiro Ano B - Apresentaram bom comportamento, a turma realizou todas as atividades.'),
(10, 1, 'C', 'A', 'Primeiro Ano C - Apresentaram bom comportamento, a turma realizou todas as atividades.'),
(11, 1, 'D', 'A', 'Primeiro Ano D - Apresentaram bom comportamento, a turma realizou todas as atividades.'),
(12, 1, 'E', 'A', 'Primeiro Ano E - Apresentaram bom comportamento, a turma realizou todas as atividades.'),
(13, 1, 'F', 'D', 'Primeiro Ano F - Apresentaram bom comportamento, a turma realizou todas as atividades.'),
(14, 1, 'G', 'D', 'Primeiro Ano G - Apresentaram bom comportamento, a turma realizou todas as atividades.'),
(15, 2, 'A', 'A', 'Segunda Ano A - No geral a turma apresentou bom comportamento, porem ainda falta autonomia. Perdem o foco na aula rapidamente com conversas desnecessárias. Não prestam atenção nas explicações feitas com o projetor e depois demonstram dificuldades para fazer as atividades.'),
(16, 2, 'B', 'A', 'Segunda Ano B - Apresentaram bom comportamento, a turma realizou todas as atividades.'),
(17, 2, 'C', 'A', 'Segunda Ano C - No geral a turma apresentou bom comportamento, porem ainda não conseguem manter o foco na aula, qualquer coisa tira atenção dos alunos foi necessário muitas vezes chamar a atenção da turma. É notável a falta autonomia e confiança em fazer as atividades. '),
(18, 2, 'D', 'A', 'Segunda Ano D - Apresentaram bom comportamento, a turma realizou todas as atividades.'),
(19, 2, 'E', 'A', 'Segunda Ano E - Apresentaram bom comportamento, a turma realizou todas as atividades.'),
(20, 2, 'F', 'D', 'Segunda Ano F - Apresentaram bom comportamento, a turma realizou todas as atividades.'),
(21, 2, 'G', 'D', 'Segunda Ano G - Apresentaram bom comportamento, a turma realizou todas as atividades.'),
(22, 3, 'A', 'A', 'Terceiro Ano A - Apresentaram bom comportamento, a turma realizou todas as atividades.'),
(23, 3, 'B', 'A', 'Terceiro Ano B - Apresentaram bom comportamento, a turma realizou todas as atividades.'),
(24, 3, 'C', 'A', 'Terceiro Ano C - Durante as aulas foram necessário por diversas vezes chamar a atenção da turma que perde rapidamente o foco, prejudicando a apresentação do conteúdo. No geral os alunos conseguem realizar as atividades.'),
(25, 3, 'D', 'A', 'Terceiro Ano D - Apresentaram bom comportamento, a turma realizou todas as atividades.'),
(26, 3, 'E', 'D', 'Terceiro Ano E - Apresentaram bom comportamento, a turma realizou todas as atividades.'),
(27, 3, 'F', 'D', 'Terceiro Ano F - Apresentaram bom comportamento, a turma realizou todas as atividades.'),
(28, 3, 'G', 'D', 'Terceiro Ano G - Apresentaram bom comportamento, a turma realizou todas as atividades.'),
(29, 4, 'A', 'A', 'Quarto Ano A - Apresentaram bom comportamento, a turma realizou todas as atividades.'),
(30, 4, 'B', 'A', 'Quarto Ano B - No geral a turma apresentou bom comportamento, porem ainda se faz necessário muitas vezes chamar a atenção para não perderem o foco na aula, possuem um nível de autonomia muito pequeno, mas estão evoluindo rapidamente. '),
(31, 4, 'C', 'A', 'Quarto Ano C - Apresentaram bom comportamento, a turma realizou todas as atividades.'),
(32, 4, 'D', 'A', 'Quarto Ano D - Apresentaram bom comportamento, a turma realizou todas as atividades.'),
(33, 4, 'E', 'D', 'Quarto Ano E - Apresentaram bom comportamento, a turma realizou todas as atividades.'),
(34, 4, 'F', 'D', 'Quarto Ano F - Apresentaram bom comportamento, a turma realizou todas as atividades.'),
(35, 4, 'G', 'D', 'Quarto Ano G - Apresentaram bom comportamento, a turma realizou todas as atividades.'),
(36, 5, 'A', 'A', 'Quinto Ano A - No geral apresentaram um bom comportamento e realizaram as atividades, na avaliação diagnostica obtiveram uma media de 57% de acertos.'),
(37, 5, 'B', 'A', 'Quinto Ano B - No geral apresentaram um bom comportamento e realizaram as atividades, na avaliação diagnostica obtiveram uma media de 65% de acertos.'),
(38, 5, 'C', 'A', 'Quinto Ano C - No geral apresentaram um bom comportamento e realizaram as atividades, na avaliação diagnostica obtiveram uma media de 41% de acertos.'),
(39, 5, 'D', 'A', 'Quinto Ano D - No geral apresentaram um bom comportamento e realizaram as atividades, na avaliação diagnostica obtiveram uma media de 49% de acertos.'),
(40, 5, 'E', 'A', 'Quinto Ano E - No geral apresentaram um bom comportamento e realizaram as atividades, na avaliação diagnostica obtiveram uma media de 56% de acertos.'),
(41, 5, 'F', 'A', 'Quinto Ano F - No geral apresentaram um bom comportamento e realizaram as atividades, na avaliação diagnostica obtiveram uma media de 55% de acertos.'),
(42, 5, 'G', 'D', 'Quinto Ano G - Apresentaram bom comportamento, a turma realizou todas as atividades.');

--
-- Índices de tabelas apagadas
--

--
-- Índices de tabela `tb_aluno`
--
ALTER TABLE `tb_aluno`
  ADD PRIMARY KEY (`cgm`);

--
-- Índices de tabela `tb_planejamento`
--
ALTER TABLE `tb_planejamento`
  ADD PRIMARY KEY (`ID`);

--
-- Índices de tabela `tb_turma`
--
ALTER TABLE `tb_turma`
  ADD PRIMARY KEY (`ID`);

--
-- AUTO_INCREMENT de tabelas apagadas
--

--
-- AUTO_INCREMENT de tabela `tb_turma`
--
ALTER TABLE `tb_turma`
  MODIFY `ID` int(2) NOT NULL AUTO_INCREMENT, AUTO_INCREMENT=43;
COMMIT;

/*!40101 SET CHARACTER_SET_CLIENT=@OLD_CHARACTER_SET_CLIENT */;
/*!40101 SET CHARACTER_SET_RESULTS=@OLD_CHARACTER_SET_RESULTS */;
/*!40101 SET COLLATION_CONNECTION=@OLD_COLLATION_CONNECTION */;
